plonwgs84,platwgs84,id,version,sources,names,categories,confidence,websites,socials,emails,phones,brand,addresses,plonwgs84,platwgs84
-121.75509631633759,36.907704247365146,24bb8fe3-0abb-4f9b-a6dd-0edeee2567da,1,"[{'property': '', 'dataset': 'Microsoft', 'record_id': '562949956364409', 'update_time': '2025-05-03T09:38:56.427Z', 'confidence': 0.77, 'between': None}]","{'primary': 'United States Postal Service', 'common': None, 'rules': None}","{'primary': 'post_office', 'alternate': None}",0.77,['https://tools.usps.com/locations/details/1386652?utm_source=website-url&utm_medium=search&utm_campaign=yext'],,,['8002758777'],,"[{'freeform': '225 Main St', 'locality': 'Watsonville', 'postcode': '95076', 'region': 'CA', 'country': 'US'}]",-121.75509631633759,36.907704247365146
-121.755865,36.90847,86e515ae-7225-415d-80a8-5d88ca2919e8,1,"[{'property': '', 'dataset': 'meta', 'record_id': '113485518736995', 'update_time': '2025-06-02T07:00:00.000Z', 'confidence': 0.9784508333782836, 'between': None}]","{'primary': 'Superior Court of California County of Santa Cruz', 'common': None, 'rules': None}","{'primary': 'courthouse', 'alternate': array(['public_service_and_government', 'retirement_home'], dtype=object)}",0.9784508333782836,['https://portal.santacruzcourt.org/portal'],['https://www.facebook.com/113485518736995'],,['+18317867200'],,"[{'freeform': '1 2nd St', 'locality': 'Watsonville', 'postcode': '95076-5139', 'region': 'CA', 'country': 'US'}]",-121.755865,36.90847
-122.02644467353821,36.97677747632274,391047b6-03cb-413e-82fb-29f23a1b18d8,1,"[{'property': '', 'dataset': 'Microsoft', 'record_id': '562949956349854', 'update_time': '2025-05-02T23:35:57.900Z', 'confidence': 0.77, 'between': None}
 {'property': '/properties/existence', 'dataset': 'meta', 'record_id': '148847461825229', 'update_time': '2025-06-02T07:00:00.000Z', 'confidence': 0.7548172757475083, 'between': None}]","{'primary': 'United States Postal Service', 'common': None, 'rules': None}","{'primary': 'post_office', 'alternate': None}",0.9436079734219269,['https://tools.usps.com/locations/details/1380747?utm_source=website-url&utm_medium=search&utm_campaign=yext'],,,['8002758777'],,"[{'freeform': '850 Front St', 'locality': 'Santa Cruz', 'postcode': '95060', 'region': 'CA', 'country': 'US'}]",-122.02644467353821,36.97677747632274
-122.026252,36.976918,19f2a0c7-4ad8-4a28-a98c-8bee2510b49f,1,"[{'property': '', 'dataset': 'meta', 'record_id': '120012924734775', 'update_time': '2025-06-02T07:00:00.000Z', 'confidence': 0.5662921348314607, 'between': None}]","{'primary': 'Post Office', 'common': None, 'rules': None}","{'primary': 'post_office', 'alternate': array(['public_service_and_government',
       'public_and_government_association'], dtype=object)}",0.5662921348314607,['https://tools.usps.com/find-location.htm?y_source=1_MzM2NzI3Mi00NDAtbG9jYXRpb24ud2Vic2l0ZQ==&searchRadius=10&address=95060&locationType=po'],['https://www.facebook.com/120012924734775'],,['+18314260144'],,"[{'freeform': '850 Front St', 'locality': 'Santa Cruz', 'postcode': '95060-4511', 'region': 'CA', 'country': 'US'}]",-122.026252,36.976918
-122.0231842,36.9785449,bc420367-956a-48ad-8213-97339c84c54e,1,"[{'property': '', 'dataset': 'meta', 'record_id': '112238852174146', 'update_time': '2025-06-02T07:00:00.000Z', 'confidence': 0.9459263554653523, 'between': None}]","{'primary': 'Superior Court of Santa Cruz', 'common': None, 'rules': None}","{'primary': 'courthouse', 'alternate': array(['public_and_government_association',
       'public_service_and_government'], dtype=object)}",0.9459263554653523,['http://www.santacruzcourt.org/info/locations-contact'],['https://www.facebook.com/112238852174146'],,['+18314202200'],,"[{'freeform': '701 Ocean St', 'locality': 'Santa Cruz', 'postcode': '95060-4003', 'region': 'CA', 'country': 'US'}]",-122.0231842,36.9785449
-122.0103454,36.979406,07571a4e-4ff7-490b-aaeb-7a07ffabb5be,1,"[{'property': '', 'dataset': 'meta', 'record_id': '538622712923897', 'update_time': '2025-06-02T07:00:00.000Z', 'confidence': 0.39614373356704646, 'between': None}]","{'primary': 'Post Office-East Santa Cruz', 'common': None, 'rules': None}","{'primary': 'post_office', 'alternate': array(['public_service_and_government',
       'public_and_government_association'], dtype=object)}",0.39614373356704646,['https://www.usps.com/'],['https://www.facebook.com/538622712923897'],,['+18314230109'],,"[{'freeform': '120 Morrissey Blvd', 'locality': 'Santa Cruz', 'postcode': '95062-1541', 'region': 'CA', 'country': 'US'}]",-122.0103454,36.979406
-122.0107006,36.9797112,c4c6f69b-9f88-47d0-b489-26abdae1b3c8,1,"[{'property': '', 'dataset': 'meta', 'record_id': '1459360337720313', 'update_time': '2025-06-02T07:00:00.000Z', 'confidence': 0.9300613496932515, 'between': None}]","{'primary': 'USPS', 'common': None, 'rules': None}","{'primary': 'post_office', 'alternate': array(['public_service_and_government', 'college_university'],
      dtype=object)}",0.9300613496932515,['https://www.usps.com'],['https://www.facebook.com/1459360337720313'],,['+18002758777'],,"[{'freeform': '1146 Soquel Ave', 'locality': 'Santa Cruz', 'postcode': '95062-2106', 'region': 'CA', 'country': 'US'}]",-122.0107006,36.9797112
-122.0019736,36.9813402,0b80035e-50a4-4813-bb08-d9448e19b1b7,1,"[{'property': '', 'dataset': 'meta', 'record_id': '114109442263745', 'update_time': '2025-06-02T07:00:00.000Z', 'confidence': 0.9300613496932515, 'between': None}]","{'primary': 'USPS', 'common': None, 'rules': None}","{'primary': 'post_office', 'alternate': array(['college_university', 'shipping_center'], dtype=object)}",0.9300613496932515,['https://www.usps.com'],['https://www.facebook.com/114109442263745'],,['+18002758777'],,"[{'freeform': '1718 Soquel Ave', 'locality': 'Santa Cruz', 'postcode': '95062-1306', 'region': 'CA', 'country': 'US'}]",-122.0019736,36.9813402
-122.07458764314651,37.04967354824731,8be5228b-2225-43ee-a3e4-a34738cd6398,1,"[{'property': '', 'dataset': 'Microsoft', 'record_id': '562949956353244', 'update_time': '2025-05-02T23:52:21.970Z', 'confidence': 0.77, 'between': None}
 {'property': '/properties/existence', 'dataset': 'meta', 'record_id': '178712412271045', 'update_time': '2025-06-02T07:00:00.000Z', 'confidence': 0.7548172757475083, 'between': None}]","{'primary': 'United States Postal Service', 'common': None, 'rules': None}","{'primary': 'post_office', 'alternate': None}",0.9436079734219269,['https://tools.usps.com/locations/details/1363293?utm_source=website-url&utm_medium=search&utm_campaign=yext'],,,['8002758777'],,"[{'freeform': '6101 Gushee St', 'locality': 'Felton', 'postcode': '95018', 'region': 'CA', 'country': 'US'}]",-122.07458764314651,37.04967354824731
-122.05807682556042,37.0512920635996,9b4e46a1-9c06-4c28-8e21-649b811cb15d,1,"[{'property': '', 'dataset': 'Microsoft', 'record_id': '562949956357699', 'update_time': '2025-05-03T00:24:38.277Z', 'confidence': 0.77, 'between': None}]","{'primary': 'United States Postal Service', 'common': None, 'rules': None}","{'primary': 'post_office', 'alternate': None}",0.77,['https://tools.usps.com/locations/details/1373998?utm_source=website-url&utm_medium=search&utm_campaign=yext'],,,['8002758777'],,"[{'freeform': '41 Conference Dr', 'locality': 'Mount Hermon', 'postcode': '95041', 'region': 'CA', 'country': 'US'}]",-122.05807682556042,37.0512920635996
-122.0283886,37.0478432,aad8bb6b-acd8-4b47-a473-6e44d18ea85c,1,"[{'property': '', 'dataset': 'Microsoft', 'record_id': '562949956379501', 'update_time': '2025-05-03T03:18:26.710Z', 'confidence': 0.77, 'between': None}
 {'property': '/properties/existence', 'dataset': 'meta', 'record_id': '168321606554911', 'update_time': '2025-06-02T07:00:00.000Z', 'confidence': 0.7548172757475083, 'between': None}]","{'primary': 'United States Postal Service', 'common': None, 'rules': None}","{'primary': 'post_office', 'alternate': None}",0.9436079734219269,['https://tools.usps.com/locations/details/1440682?utm_source=website-url&utm_medium=search&utm_campaign=yext'],,,['8002758777'],,"[{'freeform': '241 Kings Village Rd', 'locality': 'Scotts Valley', 'postcode': '95066', 'region': 'CA', 'country': 'US'}]",-122.0283886,37.0478432
-122.031139,37.259079,db05c200-43c7-4468-9686-ec159e285893,1,"[{'property': '', 'dataset': 'meta', 'record_id': '567086913712157', 'update_time': '2025-06-02T07:00:00.000Z', 'confidence': 0.39614373356704646, 'between': None}]","{'primary': 'Old Post Office', 'common': None, 'rules': None}","{'primary': 'post_office', 'alternate': array(['bar'], dtype=object)}",0.39614373356704646,,['https://www.facebook.com/567086913712157'],,,,"[{'freeform': '14376 Saratoga Ave', 'locality': 'Saratoga', 'postcode': '95070-5953', 'region': 'CA', 'country': 'US'}]",-122.031139,37.259079
-121.9555615,36.9827108,5eb70fe3-f34a-4e90-beef-8837af0e91e6,1,"[{'property': '', 'dataset': 'Microsoft', 'record_id': '562949956350105', 'update_time': '2025-05-02T23:36:52.733Z', 'confidence': 0.77, 'between': None}]","{'primary': 'United States Postal Service', 'common': None, 'rules': None}","{'primary': 'post_office', 'alternate': None}",0.77,['https://tools.usps.com/locations/details/1356963?utm_source=website-url&utm_medium=search&utm_campaign=yext'],,,['8002758777'],,"[{'freeform': '826 Bay Ave', 'locality': 'Capitola', 'postcode': '95010', 'region': 'CA', 'country': 'US'}]",-121.9555615,36.9827108
-121.955626,36.982832,6fd2376c-e285-48f2-b9d0-dc89602b1629,1,"[{'property': '', 'dataset': 'meta', 'record_id': '110154652417265', 'update_time': '2025-06-02T07:00:00.000Z', 'confidence': 0.5662921348314607, 'between': None}]","{'primary': 'Capitola Post Office', 'common': None, 'rules': None}","{'primary': 'post_office', 'alternate': array(['public_and_government_association',
       'public_service_and_government'], dtype=object)}",0.5662921348314607,['https://tools.usps.com/find-location.htm?location=1356963&y_source=1_MzM2NzUzNC00NDAtbG9jYXRpb24ud2Vic2l0ZQ=='],['https://www.facebook.com/110154652417265'],,['+18002758777'],,"[{'freeform': '826 Bay Ave', 'locality': 'Capitola', 'postcode': '95010-4500', 'region': 'CA', 'country': 'US'}]",-121.955626,36.982832
-121.9564108,36.98834,f4461dba-1e92-4d3d-95ff-1741f3bd0b65,1,"[{'property': '', 'dataset': 'meta', 'record_id': '882672585140995', 'update_time': '2025-06-02T07:00:00.000Z', 'confidence': 0.39614373356704646, 'between': None}]","{'primary': 'Post Office-Soquel', 'common': None, 'rules': None}","{'primary': 'post_office', 'alternate': array(['professional_services'], dtype=object)}",0.39614373356704646,['http://www.usps.com'],['https://www.facebook.com/882672585140995'],,['+18314628551'],,"[{'freeform': '4768 Soquel Dr', 'locality': 'Soquel', 'postcode': '95073-4000', 'region': 'CA', 'country': 'US'}]",-121.9564108,36.98834
-121.898892,36.979259,02cbe43c-2e71-4c42-a6c4-b24216b3a54a,1,"[{'property': '', 'dataset': 'meta', 'record_id': '104502009642029', 'update_time': '2025-06-02T07:00:00.000Z', 'confidence': 0.7548172757475083, 'between': None}]","{'primary': 'Aptos Post Office Jumps', 'common': None, 'rules': None}","{'primary': 'post_office', 'alternate': array(['lawyer', 'bar'], dtype=object)}",0.7548172757475083,['http://www.usps.com'],['https://www.facebook.com/104502009642029'],,['+18316884030'],,"[{'freeform': '501 Cathedral Dr', 'locality': 'Aptos', 'postcode': '95003-3425', 'region': 'CA', 'country': 'US'}]",-121.898892,36.979259
-121.7754573,36.9395351,cab0016e-95d7-405c-a494-452b1b751571,1,"[{'property': '', 'dataset': 'meta', 'record_id': '279330288911641', 'update_time': '2025-06-02T07:00:00.000Z', 'confidence': 0.39614373356704646, 'between': None}]","{'primary': 'Post Office-Freedom', 'common': None, 'rules': None}","{'primary': 'post_office', 'alternate': array(['public_and_government_association', 'freight_and_cargo_service'],
      dtype=object)}",0.39614373356704646,['http://www.usps.com/'],['https://www.facebook.com/279330288911641'],,['+18317248219'],,"[{'freeform': '2004 Freedom Blvd', 'locality': 'Watsonville', 'postcode': '95019-4000', 'region': 'CA', 'country': 'US'}]",-121.7754573,36.9395351
-121.7752343416214,36.93955718441382,7126fc6a-209b-47e3-b333-097273898eb1,1,"[{'property': '', 'dataset': 'Microsoft', 'record_id': '562949956367046', 'update_time': '2025-05-03T01:38:48.787Z', 'confidence': 0.77, 'between': None}]","{'primary': 'United States Postal Service', 'common': None, 'rules': None}","{'primary': 'post_office', 'alternate': None}",0.77,['https://tools.usps.com/locations/details/1364102?utm_source=website-url&utm_medium=search&utm_campaign=yext'],,,['8002758777'],,"[{'freeform': '2004 Freedom Blvd', 'locality': 'Freedom', 'postcode': '95019', 'region': 'CA', 'country': 'US'}]",-121.7752343416214,36.93955718441382
-121.822608,37.175874,8b87d024-1d55-4fde-b481-41749245f350,1,"[{'property': '', 'dataset': 'meta', 'record_id': '747980885347180', 'update_time': '2025-06-02T07:00:00.000Z', 'confidence': 0.33766233766233766, 'between': None}]","{'primary': 'New Almaden', 'common': None, 'rules': None}","{'primary': 'post_office', 'alternate': array(['landmark_and_historical_building', 'museum'], dtype=object)}",0.33766233766233766,['http://www.sccgov.org/sites/parks/History%20Here/Pages/Almaden-Quicksilver-Mining-Museum.aspx'],['https://www.facebook.com/747980885347180'],,['+14082681729'],,"[{'freeform': '21570 Almaden Rd', 'locality': 'San Jose', 'postcode': '95120-4310', 'region': 'CA', 'country': 'US'}]",-121.822608,37.175874
-121.984673,37.2212589,b448a94f-14b2-4ea7-acd5-9d34be2f4832,1,"[{'property': '', 'dataset': 'meta', 'record_id': '949514848448953', 'update_time': '2025-06-02T07:00:00.000Z', 'confidence': 0.9204819277108434, 'between': None}]","{'primary': 'USPS', 'common': None, 'rules': None}","{'primary': 'post_office', 'alternate': array(['public_service_and_government', 'college_university'],
      dtype=object)}",0.9204819277108434,['https://www.usps.com'],['https://www.facebook.com/949514848448953'],,['+18002758777'],,"[{'freeform': '101 S Santa Cruz Ave', 'locality': 'Los Gatos', 'postcode': '95030-6701', 'region': 'CA', 'country': 'US'}]",-121.984673,37.2212589
-121.9843359,37.2219366,223ad8ce-136a-44fe-a97e-5114d262cd7f,1,"[{'property': '', 'dataset': 'meta', 'record_id': '172614462771392', 'update_time': '2025-06-02T07:00:00.000Z', 'confidence': 0.9459263554653523, 'between': None}]","{'primary': 'LG Post Office', 'common': None, 'rules': None}","{'primary': 'post_office', 'alternate': array(['public_service_and_government',
       'public_and_government_association'], dtype=object)}",0.9459263554653523,['https://tools.usps.com/find-location.htm?location=1370974&y_source=1_MzM5NDgxNS00NDAtbG9jYXRpb24ud2Vic2l0ZQ=='],['https://www.facebook.com/172614462771392'],,['+18002758777'],,"[{'freeform': '101 S Santa Cruz Ave', 'locality': 'Los Gatos', 'postcode': '95030-6701', 'region': 'CA', 'country': 'US'}]",-121.9843359,37.2219366
-121.98259,37.22615,148ba5c8-9461-4cfe-bbdb-1b7f757bedc3,1,"[{'property': '', 'dataset': 'meta', 'record_id': '964514417031305', 'update_time': '2025-06-02T07:00:00.000Z', 'confidence': 0.33766233766233766, 'between': None}]","{'primary': 'Postal Mate Plus', 'common': None, 'rules': None}","{'primary': 'post_office', 'alternate': array(['shipping_center', 'food_delivery_service'], dtype=object)}",0.33766233766233766,['http://postalmateplus.com/'],['https://www.facebook.com/964514417031305'],,['+14083540127'],,"[{'freeform': '155 N Santa Cruz Ave', 'locality': 'Los Gatos', 'postcode': '95030-5946', 'region': 'CA', 'country': 'US'}]",-121.98259,37.22615
-121.9861364,37.2324862,94fff164-af17-483b-837f-3bfd75848ba0,1,"[{'property': '', 'dataset': 'meta', 'record_id': '387571384719247', 'update_time': '2025-06-02T07:00:00.000Z', 'confidence': 0.33766233766233766, 'between': None}]","{'primary': 'Post Office-Monte Sereno', 'common': None, 'rules': None}","{'primary': 'post_office', 'alternate': array(['public_and_government_association'], dtype=object)}",0.33766233766233766,,['https://www.facebook.com/387571384719247'],,['+14083545466'],,"[{'freeform': '18041 Saratoga Los Gatos Rd', 'locality': 'Monte Sereno', 'postcode': '95030-4210', 'region': 'CA', 'country': 'US'}]",-121.9861364,37.2324862
-121.9838511,37.2641735,5e77cc4f-2167-4157-9605-1041cf09957c,1,"[{'property': '', 'dataset': 'meta', 'record_id': '1135845479763440', 'update_time': '2025-06-02T07:00:00.000Z', 'confidence': 0.9784508333782836, 'between': None}
 {'property': '/properties/existence', 'dataset': 'Microsoft', 'record_id': '844424931390439', 'update_time': '2015-07-21T16:54:58.757Z', 'confidence': 0.77, 'between': None}]","{'primary': 'PostalAnnex+', 'common': None, 'rules': None}","{'primary': 'post_office', 'alternate': array(['notary_public', 'printing_services'], dtype=object)}",0.9950436916770052,['https://www.postalannex.com/location/los-gatos/455/?utm_source=facebook&utm_medium=local&utm_campaign=localmaps&utm_content=455'],['https://www.facebook.com/1135845479763440'],,['+14083749255'],"{'wikidata': None, 'names': {'primary': 'PostalAnnex', 'common': None, 'rules': None}}","[{'freeform': '1484 Pollard Rd', 'locality': 'Los Gatos', 'postcode': '95032-1031', 'region': 'CA', 'country': 'US'}]",-121.9838511,37.2641735
-121.9321749,37.2418966,2845b399-7fc9-4850-b49a-77281403e6b4,1,"[{'property': '', 'dataset': 'meta', 'record_id': '1745244285746922', 'update_time': '2025-06-02T07:00:00.000Z', 'confidence': 0.9784508333782836, 'between': None}
 {'property': '/properties/existence', 'dataset': 'Microsoft', 'record_id': '1688849863433691', 'update_time': '2019-02-19T16:49:46.640Z', 'confidence': 0.77, 'between': None}]","{'primary': 'AIM Mail Center', 'common': None, 'rules': None}","{'primary': 'post_office', 'alternate': array(['printing_services', 'notary_public'], dtype=object)}",0.9950436916770052,['https://www.aimmailcenters.com/location/los-gatos/125/?utm_source=facebook&utm_medium=local&utm_campaign=localmaps&utm_content=1125'],['https://www.facebook.com/1745244285746922'],,['+14083772005'],"{'wikidata': None, 'names': {'primary': 'AIM Mail Centers', 'common': None, 'rules': None}}","[{'freeform': '15559 Union Ave', 'locality': 'Los Gatos', 'postcode': '95032-3904', 'region': 'CA', 'country': 'US'}]",-121.9321749,37.2418966
-121.9349583,37.2621624,b79a6a26-04e1-4b0c-9c73-30cfda295d63,1,"[{'property': '', 'dataset': 'Microsoft', 'record_id': '562949960321945', 'update_time': '2021-07-13T22:37:34.167Z', 'confidence': 0.77, 'between': None}]","{'primary': 'UPS Access Point location', 'common': None, 'rules': None}","{'primary': 'post_office', 'alternate': None}",0.77,['https://locations.ups.com/ca/sanjose/access-point-location-175530.html?utm_source=bing&utm_medium=organic&utm_campaign=rio'],,,['4085591450'],,"[{'freeform': '2069 Camden Ave', 'locality': 'San Jose', 'postcode': '95124', 'region': 'CA', 'country': 'US'}]",-121.9349583,37.2621624
-121.8615534,37.218763,2cb14c43-491a-4076-9311-c8978e942a8f,1,"[{'property': '', 'dataset': 'meta', 'record_id': '118678985138576', 'update_time': '2025-06-02T07:00:00.000Z', 'confidence': 0.9297091412742382, 'between': None}]","{'primary': 'USPS', 'common': None, 'rules': None}","{'primary': 'post_office', 'alternate': array(['public_and_government_association', 'shopping'], dtype=object)}",0.9297091412742382,['https://www.usps.com'],['https://www.facebook.com/118678985138576'],,['+14082682175'],,"[{'freeform': '6525 Crown Blvd', 'locality': 'San Jose', 'postcode': '95120-2904', 'region': 'CA', 'country': 'US'}]",-121.8615534,37.218763
-121.8624254,37.2191256,d543ee20-342e-41b8-b5ed-40caf08246ea,1,"[{'property': '', 'dataset': 'meta', 'record_id': '795907297142549', 'update_time': '2025-06-02T07:00:00.000Z', 'confidence': 0.49293966623876767, 'between': None}]","{'primary': 'Almaden Valley Station', 'common': None, 'rules': None}","{'primary': 'post_office', 'alternate': None}",0.4929396662387677,,['https://www.facebook.com/795907297142549'],,,,"[{'freeform': None, 'locality': 'San Jose', 'postcode': None, 'region': 'CA', 'country': 'US'}]",-121.8624254,37.2191256
-121.8802494,37.2532017,038fe57c-45ad-4296-a3e8-1f85b9f1f7ea,1,"[{'property': '', 'dataset': 'meta', 'record_id': '843894585692406', 'update_time': '2025-06-02T07:00:00.000Z', 'confidence': 0.9300613496932515, 'between': None}]","{'primary': 'USPS', 'common': None, 'rules': None}","{'primary': 'post_office', 'alternate': array(['college_university', 'shipping_center'], dtype=object)}",0.9300613496932515,['https://www.usps.com'],['https://www.facebook.com/843894585692406'],,['+18002758777'],,"[{'freeform': '5301 Almaden Expy', 'locality': 'San Jose', 'postcode': '95118-3603', 'region': 'CA', 'country': 'US'}]",-121.8802494,37.2532017
-121.8649913,37.2522349,883516ac-4fd4-4d97-a7df-43a70cf4a951,1,"[{'property': '', 'dataset': 'meta', 'record_id': '677343599077378', 'update_time': '2025-06-02T07:00:00.000Z', 'confidence': 0.9297091412742382, 'between': None}]","{'primary': 'USPS', 'common': None, 'rules': None}","{'primary': 'post_office', 'alternate': array(['college_university', 'public_service_and_government'],
      dtype=object)}",0.9297091412742382,['https://www.usps.com'],['https://www.facebook.com/677343599077378'],,['+14084376690'],,"[{'freeform': '932 Blossom Hill Rd', 'locality': 'San Jose', 'postcode': '95123-1202', 'region': 'CA', 'country': 'US'}]",-121.8649913,37.2522349
-121.864959,37.252177,f215a797-fcdf-42cc-885c-4549621b1dae,1,"[{'property': '', 'dataset': 'Microsoft', 'record_id': '562949956349040', 'update_time': '2025-05-02T23:31:51.487Z', 'confidence': 0.77, 'between': None}
 {'property': '/properties/existence', 'dataset': 'meta', 'record_id': '159915757375536', 'update_time': '2025-06-02T07:00:00.000Z', 'confidence': 0.5662921348314607, 'between': None}]","{'primary': 'United States Postal Service', 'common': None, 'rules': None}","{'primary': 'post_office', 'alternate': None}",0.900247191011236,['https://tools.usps.com/locations/details/1375807?utm_source=website-url&utm_medium=search&utm_campaign=yext'],,,['8002758777'],,"[{'freeform': '925 Blossom Hill Rd, Ste 1407', 'locality': 'San Jose', 'postcode': '95123', 'region': 'CA', 'country': 'US'}]",-121.864959,37.252177
-121.830448,37.251177,83deade1-dbea-4825-bbfa-308d6da59406,1,"[{'property': '', 'dataset': 'meta', 'record_id': '1655548404668476', 'update_time': '2025-06-02T07:00:00.000Z', 'confidence': 0.9297091412742382, 'between': None}]","{'primary': 'USPS', 'common': None, 'rules': None}","{'primary': 'post_office', 'alternate': array(['college_university', 'shipping_center'], dtype=object)}",0.9297091412742382,['https://www.usps.com'],['https://www.facebook.com/1655548404668476'],,['+18002758777'],,"[{'freeform': '444 Blossom Hill Rd', 'locality': 'San Jose', 'postcode': '95123-1608', 'region': 'CA', 'country': 'US'}]",-121.830448,37.251177
-121.6466578,37.1204607,1b9066fd-5abd-4beb-b223-fd78016d46d7,1,"[{'property': '', 'dataset': 'meta', 'record_id': '391812704357617', 'update_time': '2025-06-02T07:00:00.000Z', 'confidence': 0.9204819277108434, 'between': None}]","{'primary': 'USPS', 'common': None, 'rules': None}","{'primary': 'post_office', 'alternate': array(['college_university'], dtype=object)}",0.9204819277108434,['https://www.usps.com'],['https://www.facebook.com/391812704357617'],,['+18002758777'],,"[{'freeform': '16600 Monterey St', 'locality': 'Morgan Hill', 'postcode': '95037-5100', 'region': 'CA', 'country': 'US'}]",-121.6466578,37.1204607
-121.6539955,37.1300596,1f987096-975f-465e-b2b5-8599eb13bb06,1,"[{'property': '', 'dataset': 'meta', 'record_id': '1508642832701708', 'update_time': '2025-06-02T07:00:00.000Z', 'confidence': 0.33766233766233766, 'between': None}]","{'primary': 'Hill Valley Post Office', 'common': None, 'rules': None}","{'primary': 'post_office', 'alternate': array(['public_service_and_government', 'community_center'], dtype=object)}",0.33766233766233766,,['https://www.facebook.com/1508642832701708'],,['+14087790052'],,"[{'freeform': '5 W Main Ave', 'locality': 'Morgan Hill', 'postcode': '95037-4525', 'region': 'CA', 'country': 'US'}]",-121.6539955,37.1300596
-121.6477272,37.1289841,f9bb859d-cd4a-41a0-bc7d-42b3fc6e801a,1,"[{'property': '', 'dataset': 'meta', 'record_id': '114486078619471', 'update_time': '2025-06-02T07:00:00.000Z', 'confidence': 0.9784508333782836, 'between': None}]","{'primary': 'Santa Clara County Superior Court', 'common': None, 'rules': None}","{'primary': 'courthouse', 'alternate': array(['public_service_and_government',
       'public_and_government_association'], dtype=object)}",0.9784508333782836,['http://www.scscourt.org/general_info/contact/courthouses/southcounty.shtml'],['https://www.facebook.com/114486078619471'],,['+14086955000'],,"[{'freeform': '301 Diana Ave', 'locality': 'Morgan Hill', 'postcode': '95037-4403', 'region': 'CA', 'country': 'US'}]",-121.6477272,37.1289841
-121.7754027,37.2308405,20eec97b-1ddf-4133-b6b7-99cb7fc1d993,1,"[{'property': '', 'dataset': 'meta', 'record_id': '508029469348442', 'update_time': '2025-06-02T07:00:00.000Z', 'confidence': 0.9784508333782836, 'between': None}
 {'property': '/properties/existence', 'dataset': 'Microsoft', 'record_id': '1688849863434310', 'update_time': '2019-02-19T16:49:46.640Z', 'confidence': 0.77, 'between': None}]","{'primary': 'PostalAnnex+', 'common': None, 'rules': None}","{'primary': 'post_office', 'alternate': array(['notary_public', 'printing_services'], dtype=object)}",0.9950436916770052,['https://www.postalannex.com/location/san-jose/305/?utm_source=facebook&utm_medium=local&utm_campaign=localmaps&utm_content=305'],['https://www.facebook.com/508029469348442'],,['+14086291796'],"{'wikidata': None, 'names': {'primary': 'PostalAnnex', 'common': None, 'rules': None}}","[{'freeform': '117 Bernal Rd', 'locality': 'San Jose', 'postcode': '95119-1375', 'region': 'CA', 'country': 'US'}]",-121.7754027,37.2308405
-121.7821769,37.2505804,f47fc8dc-6c1b-4500-9328-863550d0bd36,1,"[{'property': '', 'dataset': 'meta', 'record_id': '1374680882796725', 'update_time': '2025-06-02T07:00:00.000Z', 'confidence': 0.9784508333782836, 'between': None}]","{'primary': 'Consulado General de México en San José', 'common': None, 'rules': None}","{'primary': 'embassy', 'alternate': array(['public_and_government_association', 'secretarial_services'],
      dtype=object)}",0.9784508333782836,['http://consulmex.sre.gob.mx/sanjose/'],['https://www.facebook.com/1374680882796725'],,['+14088562840'],,"[{'freeform': '302 Enzo Dr', 'locality': 'San Jose', 'postcode': '95138-1801', 'region': 'CA', 'country': 'US'}]",-121.7821769,37.2505804
-121.5876267,37.0145517,7fc3b885-a747-4b87-98ca-960ee9d92e27,1,"[{'property': '', 'dataset': 'meta', 'record_id': '867538769993935', 'update_time': '2025-06-02T07:00:00.000Z', 'confidence': 0.9204819277108434, 'between': None}]","{'primary': 'USPS', 'common': None, 'rules': None}","{'primary': 'post_office', 'alternate': array(['credit_union', 'passport_and_visa_services'], dtype=object)}",0.9204819277108434,['https://www.usps.com'],['https://www.facebook.com/867538769993935'],,['+18002758777'],,"[{'freeform': '825 1st St', 'locality': 'Gilroy', 'postcode': '95020-4815', 'region': 'CA', 'country': 'US'}]",-121.5876267,37.0145517
-121.571534,37.009155,55ab0d69-f267-4bb8-b4e0-74fb0d8bfe00,1,"[{'property': '', 'dataset': 'meta', 'record_id': '150541811636721', 'update_time': '2025-06-02T07:00:00.000Z', 'confidence': 0.9415384615384615, 'between': None}]","{'primary': 'Old Post Office', 'common': None, 'rules': None}","{'primary': 'post_office', 'alternate': array(['public_service_and_government', 'central_government_office'],
      dtype=object)}",0.9415384615384615,['http://www.usps.com'],['https://www.facebook.com/150541811636721'],,,,"[{'freeform': '100 4th St', 'locality': 'Gilroy', 'postcode': '95020-5113', 'region': 'CA', 'country': 'US'}]",-121.571534,37.009155
-121.5711374,37.0095525,094067b9-d993-41cd-a4b0-b250f821e8c9,1,"[{'property': '', 'dataset': 'meta', 'record_id': '455844104589709', 'update_time': '2025-06-02T07:00:00.000Z', 'confidence': 0.9297091412742382, 'between': None}]","{'primary': 'USPS', 'common': None, 'rules': None}","{'primary': 'post_office', 'alternate': array(['public_service_and_government', 'college_university'],
      dtype=object)}",0.9297091412742382,['https://www.usps.com'],['https://www.facebook.com/455844104589709'],,['+18002758777'],,"[{'freeform': '100 4th St', 'locality': 'Gilroy', 'postcode': '95020-5113', 'region': 'CA', 'country': 'US'}]",-121.5711374,37.0095525
-121.6067934,37.0860404,5b5aa6e1-9cf7-4543-ab20-66e9a58bbfb8,1,"[{'property': '', 'dataset': 'meta', 'record_id': '143054936026586', 'update_time': '2025-06-02T07:00:00.000Z', 'confidence': 0.5662921348314607, 'between': None}]","{'primary': 'Post Office-San Martin', 'common': None, 'rules': None}","{'primary': 'post_office', 'alternate': array(['public_service_and_government'], dtype=object)}",0.5662921348314607,['https://tools.usps.com/find-location.htm?y_source=1_MzM4NTAxMy00NDAtbG9jYXRpb24ud2Vic2l0ZQ==&searchRadius=10&address=95046&locationType=po'],['https://www.facebook.com/143054936026586'],,['+14086830429'],,"[{'freeform': '200 E San Martin Ave', 'locality': 'San Martin', 'postcode': '95046-4001', 'region': 'CA', 'country': 'US'}]",-121.6067934,37.0860404
-122.2021241,37.4312844,ccc67198-11ed-4f18-9d39-52fe326ba826,1,"[{'property': '', 'dataset': 'meta', 'record_id': '398353887035583', 'update_time': '2025-06-02T07:00:00.000Z', 'confidence': 0.39614373356704646, 'between': None}]","{'primary': 'Post Office-West Menlo Park', 'common': None, 'rules': None}","{'primary': 'post_office', 'alternate': array(['freight_and_cargo_service', 'central_government_office'],
      dtype=object)}",0.39614373356704646,['http://www.usps.com'],['https://www.facebook.com/398353887035583'],,['+16508545536'],,"[{'freeform': '2120 Avy Ave', 'locality': 'Menlo Park', 'postcode': '94025-6518', 'region': 'CA', 'country': 'US'}]",-122.2021241,37.4312844
-122.2019346,37.4316035,023cce10-9905-461c-90a4-11bedb7310f2,1,"[{'property': '', 'dataset': 'meta', 'record_id': '124845264237098', 'update_time': '2025-06-02T07:00:00.000Z', 'confidence': 0.9784508333782836, 'between': None}
 {'property': '/properties/existence', 'dataset': 'Microsoft', 'record_id': '562949956379234', 'update_time': '2025-05-03T05:21:03.690Z', 'confidence': 0.77, 'between': None}]","{'primary': 'United States Postal Service', 'common': None, 'rules': None}","{'primary': 'post_office', 'alternate': array(['public_service_and_government', 'professional_services'],
      dtype=object)}",0.9950436916770052,['http://www.usps.com'],['https://www.facebook.com/124845264237098'],,['+18002758777'],"{'wikidata': None, 'names': {'primary': 'US Postal Service', 'common': None, 'rules': None}}","[{'freeform': '2120 Avy Ave', 'locality': 'Menlo Park', 'postcode': '94025-6518', 'region': 'CA', 'country': 'US'}]",-122.2019346,37.4316035
-122.1688116,37.4243666,02d8a611-cb6b-47f5-86ac-33e5b95ebeae,1,"[{'property': '', 'dataset': 'meta', 'record_id': '1577211382499481', 'update_time': '2025-06-02T07:00:00.000Z', 'confidence': 0.9784508333782836, 'between': None}
 {'property': '/properties/existence', 'dataset': 'Microsoft', 'record_id': '562949956379235', 'update_time': '2025-05-03T05:21:03.690Z', 'confidence': 0.77, 'between': None}]","{'primary': 'United States Postal Service', 'common': None, 'rules': None}","{'primary': 'post_office', 'alternate': array(['public_and_government_association', 'central_government_office'],
      dtype=object)}",0.9950436916770052,['http://www.usps.com'],['https://www.facebook.com/1577211382499481'],,['+18002758777'],"{'wikidata': None, 'names': {'primary': 'US Postal Service', 'common': None, 'rules': None}}","[{'freeform': '531 Lasuen Mall', 'locality': 'Stanford', 'postcode': '94305-3003', 'region': 'CA', 'country': 'US'}]",-122.1688116,37.4243666
-122.172178,37.440952,bfee1f0b-9a38-4752-9505-54b61c94c5f2,1,"[{'property': '', 'dataset': 'meta', 'record_id': '155372214501071', 'update_time': '2025-06-02T07:00:00.000Z', 'confidence': 0.39614373356704646, 'between': None}]","{'primary': 'United States Postal Service', 'common': None, 'rules': None}","{'primary': 'post_office', 'alternate': array(['public_service_and_government', 'travel'], dtype=object)}",0.39614373356704646,['https://tools.usps.com/find-location.htm?y_source=1_MzM3NjM1OS00NDAtbG9jYXRpb24ud2Vic2l0ZQ==&searchRadius=10&address=94304&locationType=po'],['https://www.facebook.com/155372214501071'],,['+18002758777'],,"[{'freeform': '345 Stanford Shopping Ctr', 'locality': 'Palo Alto', 'postcode': '94304', 'region': 'CA', 'country': 'US'}]",-122.172178,37.440952
-122.01521426439285,37.26628973516611,6c7a058b-7e66-4f20-b2c6-d246ea59dbe1,1,"[{'property': '', 'dataset': 'Microsoft', 'record_id': '562949956367615', 'update_time': '2025-05-03T01:42:52.917Z', 'confidence': 0.77, 'between': None}]","{'primary': 'United States Postal Service', 'common': None, 'rules': None}","{'primary': 'post_office', 'alternate': None}",0.77,['https://tools.usps.com/locations/details/1380804?utm_source=website-url&utm_medium=search&utm_campaign=yext'],,,['8002758777'],,"[{'freeform': '19630 Allendale Ave', 'locality': 'Saratoga', 'postcode': '95070', 'region': 'CA', 'country': 'US'}]",-122.01521426439285,37.26628973516611
-122.0539175,37.3231564,7cb2bcb6-67ce-412f-8cbb-f548957b159a,1,"[{'property': '', 'dataset': 'meta', 'record_id': '101525849916462', 'update_time': '2025-06-02T07:00:00.000Z', 'confidence': 0.5662921348314607, 'between': None}]","{'primary': 'Post Office', 'common': None, 'rules': None}","{'primary': 'post_office', 'alternate': array(['public_and_government_association',
       'public_service_and_government'], dtype=object)}",0.5662921348314607,['http://www.usps.com'],['https://www.facebook.com/101525849916462'],,,,"[{'freeform': '21701 Stevens Creek Blvd', 'locality': 'Cupertino', 'postcode': '95014-1119', 'region': 'CA', 'country': 'US'}]",-122.0539175,37.3231564
-122.0541166,37.3233627,3bc625ff-0d61-4500-8827-ee902dea708c,1,"[{'property': '', 'dataset': 'meta', 'record_id': '943782232335018', 'update_time': '2025-06-02T07:00:00.000Z', 'confidence': 0.9784508333782836, 'between': None}
 {'property': '/properties/existence', 'dataset': 'Microsoft', 'record_id': '562949956364991', 'update_time': '2025-05-03T01:23:41.960Z', 'confidence': 0.77, 'between': None}]","{'primary': 'United States Postal Service', 'common': None, 'rules': None}","{'primary': 'post_office', 'alternate': array(['public_service_and_government'], dtype=object)}",0.9950436916770052,['https://www.usps.com'],['https://www.facebook.com/943782232335018'],,['+18002758777'],"{'wikidata': None, 'names': {'primary': 'US Postal Service', 'common': None, 'rules': None}}","[{'freeform': '21701 Stevens Creek Blvd', 'locality': 'Cupertino', 'postcode': '95014-1119', 'region': 'CA', 'country': 'US'}]",-122.0541166,37.3233627
-122.0665864,37.3364529,1e4a6608-6812-476a-ad22-965135002fe8,1,"[{'property': '', 'dataset': 'meta', 'record_id': '1624872481093995', 'update_time': '2025-06-02T07:00:00.000Z', 'confidence': 0.9784508333782836, 'between': None}
 {'property': '/properties/existence', 'dataset': 'Microsoft', 'record_id': '1688849863434095', 'update_time': '2019-02-19T16:49:46.640Z', 'confidence': 0.77, 'between': None}]","{'primary': 'PostalAnnex+', 'common': None, 'rules': None}","{'primary': 'post_office', 'alternate': array(['notary_public', 'printing_services'], dtype=object)}",0.9950436916770052,['https://www.postalannex.com/location/los-altos/3030/?utm_source=facebook&utm_medium=local&utm_campaign=localmaps&utm_content=3030'],['https://www.facebook.com/1624872481093995'],,['+14084810580'],"{'wikidata': None, 'names': {'primary': 'PostalAnnex', 'common': None, 'rules': None}}","[{'freeform': '2310 Homestead Rd', 'locality': 'Los Altos', 'postcode': '94024-7300', 'region': 'CA', 'country': 'US'}]",-122.0665864,37.3364529
-122.03383415937424,37.35163312736952,867a1ecc-3917-47ef-b0d6-d1c7811f8903,1,"[{'property': '', 'dataset': 'Microsoft', 'record_id': '562949956354765', 'update_time': '2025-05-03T00:01:20.760Z', 'confidence': 0.77, 'between': None}]","{'primary': 'United States Postal Service', 'common': None, 'rules': None}","{'primary': 'post_office', 'alternate': None}",0.77,['https://tools.usps.com/locations/details/1362595?utm_source=website-url&utm_medium=search&utm_campaign=yext'],,,['8002758777'],,"[{'freeform': '526 W Fremont Ave', 'locality': 'Sunnyvale', 'postcode': '94087', 'region': 'CA', 'country': 'US'}]",-122.03383415937424,37.35163312736952
-121.9947769,37.3387,332c9fad-036e-42a4-9c6b-1dd6f67aa595,1,"[{'property': '', 'dataset': 'meta', 'record_id': '726229470836363', 'update_time': '2025-06-02T07:00:00.000Z', 'confidence': 0.9784508333782836, 'between': None}
 {'property': '/properties/existence', 'dataset': 'Microsoft', 'record_id': '844424931390526', 'update_time': '2015-07-20T17:24:20.317Z', 'confidence': 0.77, 'between': None}]","{'primary': 'PostalAnnex+', 'common': None, 'rules': None}","{'primary': 'post_office', 'alternate': array(['notary_public', 'printing_services'], dtype=object)}",0.9950436916770052,['https://www.postalannex.com/location/santa-clara/5006/?utm_source=facebook&utm_medium=local&utm_campaign=localmaps&utm_content=5006'],['https://www.facebook.com/726229470836363'],,['+14085579401'],"{'wikidata': None, 'names': {'primary': 'PostalAnnex', 'common': None, 'rules': None}}","[{'freeform': '3561 Homestead Rd', 'locality': 'Santa Clara', 'postcode': '95051-5161', 'region': 'CA', 'country': 'US'}]",-121.9947769,37.3387
-122.08640527729585,37.35433879031936,4c46d250-ea72-4ec8-b57d-3f4e0f5a4312,1,"[{'property': '', 'dataset': 'Microsoft', 'record_id': '562949956379213', 'update_time': '2025-05-03T05:21:03.690Z', 'confidence': 0.77, 'between': None}]","{'primary': 'United States Postal Service', 'common': None, 'rules': None}","{'primary': 'post_office', 'alternate': None}",0.77,['https://tools.usps.com/locations/details/1440936?utm_source=website-url&utm_medium=search&utm_campaign=yext'],,,['8002758777'],,"[{'freeform': '1525 Miramonte Ave', 'locality': 'Los Altos', 'postcode': '94024', 'region': 'CA', 'country': 'US'}]",-122.08640527729585,37.35433879031936
-122.0863993,37.3543804,9de3682d-b725-48fc-8f11-845b31ca013b,1,"[{'property': '', 'dataset': 'meta', 'record_id': '194972430563480', 'update_time': '2025-06-02T07:00:00.000Z', 'confidence': 0.7548172757475083, 'between': None}]","{'primary': 'USPS Collection Point', 'common': None, 'rules': None}","{'primary': 'post_office', 'alternate': array(['food_delivery_service', 'storage_facility'], dtype=object)}",0.7548172757475083,['http://www.usps.com/'],['https://www.facebook.com/194972430563480'],,['+18002758777'],,"[{'freeform': '1525 Miramonte Ave', 'locality': 'Los Altos', 'postcode': '94024-9001', 'region': 'CA', 'country': 'US'}]",-122.0863993,37.3543804
-122.137757,37.403644,81f29c5f-09f8-47ba-b067-f724b9691e6d,1,"[{'property': '', 'dataset': 'meta', 'record_id': '120366111635314', 'update_time': '2025-06-02T07:00:00.000Z', 'confidence': 0.49293966623876767, 'between': None}]","{'primary': 'USPS Collection Point', 'common': None, 'rules': None}","{'primary': 'post_office', 'alternate': array(['food_delivery_service', 'storage_facility'], dtype=object)}",0.4929396662387677,['https://www.usps.com'],['https://www.facebook.com/120366111635314'],,['+18002758777'],,"[{'freeform': '3801 Miranda Ave', 'locality': 'Palo Alto', 'postcode': '94304-1207', 'region': 'CA', 'country': 'US'}]",-122.137757,37.403644
-122.1316688,37.4174584,934fc645-1338-4897-9913-9f3e95944a4d,1,"[{'property': '', 'dataset': 'meta', 'record_id': '134959809889464', 'update_time': '2025-06-02T07:00:00.000Z', 'confidence': 0.9459263554653523, 'between': None}
 {'property': '/properties/existence', 'dataset': 'Microsoft', 'record_id': '1407374884627725', 'update_time': '2015-06-10T23:20:29.430Z', 'confidence': 0.77, 'between': None}]","{'primary': 'Greenmail', 'common': None, 'rules': None}","{'primary': 'post_office', 'alternate': array(['notary_public', 'public_service_and_government'], dtype=object)}",0.987563061757031,['http://www.greenmail.com/welcome.asp?t=2&'],['https://www.facebook.com/134959809889464'],,['+16504942660'],,"[{'freeform': '3790 El Camino Real', 'locality': 'Palo Alto', 'postcode': '94306', 'region': 'CA', 'country': 'US'}]",-122.1316688,37.4174584
-122.160557,37.437837,75f072bf-71cc-4a4e-84f8-f60b2ac2e2aa,1,"[{'property': '', 'dataset': 'Microsoft', 'record_id': '562949960318831', 'update_time': '2021-05-17T19:19:38.203Z', 'confidence': 0.77, 'between': None}]","{'primary': 'UPS Access Point location', 'common': None, 'rules': None}","{'primary': 'post_office', 'alternate': None}",0.77,['https://locations.ups.com/ca/paloalto/access-point-location-170569.html'],,,['6503222554'],,"[{'freeform': '855 El Camino Real', 'locality': 'Palo Alto', 'postcode': '94301', 'region': 'CA', 'country': 'US'}]",-122.160557,37.437837
-122.1424489,37.4269712,f0dfc8c4-fc88-4bb2-824d-4f8e5f840acd,1,"[{'property': '', 'dataset': 'meta', 'record_id': '274485196348991', 'update_time': '2025-06-02T07:00:00.000Z', 'confidence': 0.9297091412742382, 'between': None}]","{'primary': 'Palo Alto Courthouse', 'common': None, 'rules': None}","{'primary': 'courthouse', 'alternate': array(['public_and_government_association', 'central_government_office'],
      dtype=object)}",0.9297091412742382,['http://www.sccsuperiorcourt.org'],['https://www.facebook.com/274485196348991'],,['+16504623800'],,"[{'freeform': '270 Grant Ave', 'locality': 'Palo Alto', 'postcode': '94306-1908', 'region': 'CA', 'country': 'US'}]",-122.1424489,37.4269712
-122.1423836,37.42695,71603c31-7b9d-4341-9918-159e09d2c2ea,1,"[{'property': '', 'dataset': 'meta', 'record_id': '150076435048520', 'update_time': '2025-06-02T07:00:00.000Z', 'confidence': 0.9784508333782836, 'between': None}]","{'primary': 'Santa Clara County Superior Court', 'common': None, 'rules': None}","{'primary': 'courthouse', 'alternate': array(['public_service_and_government',
       'public_and_government_association'], dtype=object)}",0.9784508333782836,['http://www.scscourt.org/general_info/contact/courthouses/paloalto.shtml'],['https://www.facebook.com/150076435048520'],,['+16504623800'],,"[{'freeform': '270 Grant Ave', 'locality': 'Palo Alto', 'postcode': '94306-1908', 'region': 'CA', 'country': 'US'}]",-122.1423836,37.42695
-122.1439574,37.4286663,9ead4d55-68aa-4b82-94b7-e7fc6490b192,1,"[{'property': '', 'dataset': 'meta', 'record_id': '126236470783454', 'update_time': '2025-06-02T07:00:00.000Z', 'confidence': 0.9784508333782836, 'between': None}
 {'property': '/properties/existence', 'dataset': 'Microsoft', 'record_id': '562949956379229', 'update_time': '2025-05-03T05:21:03.690Z', 'confidence': 0.77, 'between': None}]","{'primary': 'United States Postal Service', 'common': None, 'rules': None}","{'primary': 'post_office', 'alternate': array(['professional_services'], dtype=object)}",0.9950436916770052,['http://www.usps.com'],['https://www.facebook.com/126236470783454'],,['+18002758777'],"{'wikidata': None, 'names': {'primary': 'US Postal Service', 'common': None, 'rules': None}}","[{'freeform': '265 Cambridge Ave', 'locality': 'Palo Alto', 'postcode': '94306-5700', 'region': 'CA', 'country': 'US'}]",-122.1439574,37.4286663
-122.139653,37.426216,4d089f33-ec3b-4335-a5f6-3c3c6cd1ae8a,1,"[{'property': '', 'dataset': 'meta', 'record_id': '425279840991186', 'update_time': '2025-06-02T07:00:00.000Z', 'confidence': 0.5662921348314607, 'between': None}]","{'primary': 'Royal Danish Consulate', 'common': None, 'rules': None}","{'primary': 'embassy', 'alternate': array(['public_service_and_government', 'shopping'], dtype=object)}",0.5662921348314607,,['https://www.facebook.com/425279840991186'],,['+16505433186'],,"[{'freeform': '200 Page Mill Rd', 'locality': 'Palo Alto', 'postcode': '94306-2060', 'region': 'CA', 'country': 'US'}]",-122.139653,37.426216
-122.051349,37.354018,e8e70287-8735-41a5-9160-cff749d7a5fc,1,"[{'property': '', 'dataset': 'meta', 'record_id': '426063877600132', 'update_time': '2025-06-02T07:00:00.000Z', 'confidence': 0.33766233766233766, 'between': None}]","{'primary': 'US Post Office', 'common': None, 'rules': None}","{'primary': 'post_office', 'alternate': array(['shipping_center', 'public_and_government_association'],
      dtype=object)}",0.33766233766233766,['http://www.usps.com'],['https://www.facebook.com/426063877600132'],,,,"[{'freeform': '1241 S Mary Ave', 'locality': 'Sunnyvale', 'postcode': '94087-2203', 'region': 'CA', 'country': 'US'}]",-122.051349,37.354018
-122.0777522,37.3930289,7d11cf3d-c770-4b82-bbfb-849ce3957e5d,1,"[{'property': '', 'dataset': 'meta', 'record_id': '1629947307266394', 'update_time': '2025-06-02T07:00:00.000Z', 'confidence': 0.9784508333782836, 'between': None}
 {'property': '/properties/existence', 'dataset': 'Microsoft', 'record_id': '562949956379219', 'update_time': '2025-05-03T05:21:03.690Z', 'confidence': 0.77, 'between': None}]","{'primary': 'United States Postal Service', 'common': None, 'rules': None}","{'primary': 'post_office', 'alternate': array(['public_service_and_government',
       'public_and_government_association'], dtype=object)}",0.9950436916770052,['http://www.usps.com'],['https://www.facebook.com/1629947307266394'],,['+18002758777'],"{'wikidata': None, 'names': {'primary': 'US Postal Service', 'common': None, 'rules': None}}","[{'freeform': '211 Hope St', 'locality': 'Mountain View', 'postcode': '94041-1306', 'region': 'CA', 'country': 'US'}]",-122.0777522,37.3930289
-122.02939,37.36668,caa4c4b0-9d99-4572-9624-d62fcff2cf92,1,"[{'property': '', 'dataset': 'meta', 'record_id': '390601737802096', 'update_time': '2025-06-02T07:00:00.000Z', 'confidence': 0.33766233766233766, 'between': None}]","{'primary': 'USPS', 'common': None, 'rules': None}","{'primary': 'post_office', 'alternate': array(['college_university'], dtype=object)}",0.33766233766233766,['https://www.usps.com'],['https://www.facebook.com/390601737802096'],,['+18002758777'],,"[{'freeform': '121 E El Camino Real', 'locality': 'Sunnyvale', 'postcode': '94087-1937', 'region': 'CA', 'country': 'US'}]",-122.02939,37.36668
-122.05776349471307,37.412249565399875,43ab0c38-2418-406b-98f2-c7be10e0cb22,1,"[{'property': '', 'dataset': 'Microsoft', 'record_id': '562949956379218', 'update_time': '2025-05-03T05:21:03.690Z', 'confidence': 0.77, 'between': None}]","{'primary': 'United States Postal Service', 'common': None, 'rules': None}","{'primary': 'post_office', 'alternate': None}",0.77,['https://tools.usps.com/locations/details/1440598?utm_source=website-url&utm_medium=search&utm_campaign=yext'],,,['8002758777'],,"[{'freeform': '67 N Akron Dr', 'locality': 'Mountain View', 'postcode': '94035', 'region': 'CA', 'country': 'US'}]",-122.05776349471307,37.412249565399875
-122.0577674,37.4122512,a3117450-db20-4566-89b8-27fcf9e3a256,1,"[{'property': '', 'dataset': 'meta', 'record_id': '719125718233361', 'update_time': '2025-06-02T07:00:00.000Z', 'confidence': 0.39614373356704646, 'between': None}]","{'primary': 'Post Office-Moffett Field', 'common': None, 'rules': None}","{'primary': 'post_office', 'alternate': array(['attractions_and_activities', 'professional_services'],
      dtype=object)}",0.39614373356704646,['http://www.usps.com'],['https://www.facebook.com/719125718233361'],,['+16509606851'],,"[{'freeform': '67 N Akron Dr', 'locality': 'Mountain View', 'postcode': '94035-8800', 'region': 'CA', 'country': 'US'}]",-122.0577674,37.4122512
-122.017603,37.4117028,6d6b5fa5-72a6-4745-bcd1-a72960bf2f3d,1,"[{'property': '', 'dataset': 'meta', 'record_id': '1466006497049103', 'update_time': '2025-06-02T07:00:00.000Z', 'confidence': 0.9297091412742382, 'between': None}]","{'primary': 'USPS', 'common': None, 'rules': None}","{'primary': 'post_office', 'alternate': array(['social_service_organizations'], dtype=object)}",0.9297091412742382,['https://www.usps.com'],['https://www.facebook.com/1466006497049103'],,['+18002758777'],,"[{'freeform': '209 E Java Dr', 'locality': 'Sunnyvale', 'postcode': '94089-1031', 'region': 'CA', 'country': 'US'}]",-122.017603,37.4117028
-122.01714,37.4120016,67156953-fb6e-4357-951d-cb5def79150c,1,"[{'property': '', 'dataset': 'meta', 'record_id': '426075270880938', 'update_time': '2025-06-02T07:00:00.000Z', 'confidence': 0.49293966623876767, 'between': None}]","{'primary': 'Sunnyvale Post Office 209', 'common': None, 'rules': None}","{'primary': 'post_office', 'alternate': None}",0.4929396662387677,,['https://www.facebook.com/426075270880938'],,,,"[{'freeform': '209 E Java Dr', 'locality': 'Sunnyvale', 'postcode': '94088-8000', 'region': 'CA', 'country': 'US'}]",-122.01714,37.4120016
-121.992601,37.408302,1cb71e19-37d9-4c43-88ce-0a7500ca8b2a,1,"[{'property': '', 'dataset': 'meta', 'record_id': '511451565574175', 'update_time': '2025-06-02T07:00:00.000Z', 'confidence': 0.49293966623876767, 'between': None}]","{'primary': 'Cultural Center of Taipei Economic and Cultural Office in San Francisco', 'common': None, 'rules': None}","{'primary': 'embassy', 'alternate': array(['central_government_office', 'public_service_and_government'],
      dtype=object)}",0.4929396662387677,['http://www.roc-taiwan.org/us/sfo'],['https://www.facebook.com/511451565574175'],,['+14087470394'],,"[{'freeform': '1269 Forgewood Ave', 'locality': 'Sunnyvale', 'postcode': '94089-2216', 'region': 'CA', 'country': 'US'}]",-121.992601,37.408302
-122.1846717,37.451299,815b96de-109e-4ecb-bc08-e1b8e8923156,1,"[{'property': '', 'dataset': 'meta', 'record_id': '973634779325324', 'update_time': '2025-06-02T07:00:00.000Z', 'confidence': 0.49293966623876767, 'between': None}]","{'primary': 'USPS Collection Point', 'common': None, 'rules': None}","{'primary': 'post_office', 'alternate': array(['public_service_and_government', 'college_university'],
      dtype=object)}",0.4929396662387677,['https://www.usps.com'],['https://www.facebook.com/973634779325324'],,['+18002758777'],,"[{'freeform': '720 Santa Cruz Ave', 'locality': 'Menlo Park', 'postcode': '94025-4514', 'region': 'CA', 'country': 'US'}]",-122.1846717,37.451299
-122.18467,37.45346,77fdf040-87c3-43ac-9953-5b9043214fd8,1,"[{'property': '', 'dataset': 'meta', 'record_id': '240223959502611', 'update_time': '2025-06-02T07:00:00.000Z', 'confidence': 0.39614373356704646, 'between': None}]","{'primary': 'Post Office-Oak Grove', 'common': None, 'rules': None}","{'primary': 'post_office', 'alternate': array(['freight_and_cargo_service'], dtype=object)}",0.39614373356704646,['http://www.usps.com'],['https://www.facebook.com/240223959502611'],,['+16503210954'],,"[{'freeform': '655 Oak Grove Ave', 'locality': 'Menlo Park', 'postcode': '94025-4317', 'region': 'CA', 'country': 'US'}]",-122.18467,37.45346
-122.1854277,37.4546852,1dc21f64-ca1c-420b-81bf-eafe458d4da6,1,"[{'property': '', 'dataset': 'meta', 'record_id': '914160102056033', 'update_time': '2025-06-02T07:00:00.000Z', 'confidence': 0.9784508333782836, 'between': None}]","{'primary': 'Post N More', 'common': None, 'rules': None}","{'primary': 'post_office', 'alternate': array(['shipping_center'], dtype=object)}",0.9784508333782836,['http://www.postnmore.com/'],['https://www.facebook.com/914160102056033'],,['+16503266245'],,"[{'freeform': '1259 El Camino Real', 'locality': 'Menlo Park', 'postcode': '94025-4208', 'region': 'CA', 'country': 'US'}]",-122.1854277,37.4546852
-122.1844552,37.4785878,a2513ef4-478c-4403-9ae3-f93f0811b594,1,"[{'property': '', 'dataset': 'meta', 'record_id': '101454936869852', 'update_time': '2025-06-02T07:00:00.000Z', 'confidence': 0.9784508333782836, 'between': None}]","{'primary': 'United States Postal Service', 'common': None, 'rules': None}","{'primary': 'post_office', 'alternate': array(['public_service_and_government',
       'public_and_government_association'], dtype=object)}",0.9784508333782836,['http://www.usps.com'],['https://www.facebook.com/101454936869852'],,['+18002758777'],"{'wikidata': None, 'names': {'primary': 'US Postal Service', 'common': None, 'rules': None}}","[{'freeform': '3875 Bohannon Dr', 'locality': 'Menlo Park', 'postcode': '94025-1001', 'region': 'CA', 'country': 'US'}]",-122.1844552,37.4785878
-122.1844591,37.4786676,784b023b-f8af-41e2-adcc-e6d847c324ef,1,"[{'property': '', 'dataset': 'Microsoft', 'record_id': '562949956379233', 'update_time': '2025-05-03T05:21:03.690Z', 'confidence': 0.77, 'between': None}]","{'primary': 'United States Postal Service', 'common': None, 'rules': None}","{'primary': 'post_office', 'alternate': None}",0.77,['https://tools.usps.com/locations/details/1372709?utm_source=website-url&utm_medium=search&utm_campaign=yext'],,,['8002758777'],,"[{'freeform': '3875 Bohannon Dr', 'locality': 'Menlo Park', 'postcode': '94025', 'region': 'CA', 'country': 'US'}]",-122.1844591,37.4786676
-122.1592724,37.4459862,edece220-4f03-4840-8f2b-03d38d172a65,1,"[{'property': '', 'dataset': 'meta', 'record_id': '129364403922265', 'update_time': '2025-06-02T07:00:00.000Z', 'confidence': 0.9784508333782836, 'between': None}
 {'property': '/properties/existence', 'dataset': 'Microsoft', 'record_id': '562949956379228', 'update_time': '2025-05-03T05:21:03.690Z', 'confidence': 0.77, 'between': None}]","{'primary': 'United States Postal Service', 'common': None, 'rules': None}","{'primary': 'post_office', 'alternate': array(['landmark_and_historical_building',
       'public_and_government_association'], dtype=object)}",0.9950436916770052,['http://www.usps.com'],['https://www.facebook.com/129364403922265'],,['+18002758777'],"{'wikidata': None, 'names': {'primary': 'US Postal Service', 'common': None, 'rules': None}}","[{'freeform': '380 Hamilton Ave', 'locality': 'Palo Alto', 'postcode': '94301-2543', 'region': 'CA', 'country': 'US'}]",-122.1592724,37.4459862
-122.159228,37.446037,067a1785-3a59-47f7-8ee4-2e3242f96248,1,"[{'property': '', 'dataset': 'meta', 'record_id': '114375021978927', 'update_time': '2025-06-02T07:00:00.000Z', 'confidence': 0.49293966623876767, 'between': None}]","{'primary': 'USPS Collection Point', 'common': None, 'rules': None}","{'primary': 'post_office', 'alternate': array(['food_delivery_service', 'storage_facility'], dtype=object)}",0.4929396662387677,['https://www.usps.com'],['https://www.facebook.com/114375021978927'],,['+18002758777'],,"[{'freeform': '380 Hamilton Ave', 'locality': 'Palo Alto', 'postcode': '94301-2543', 'region': 'CA', 'country': 'US'}]",-122.159228,37.446037
-122.1243557,37.4516563,a32c11c8-2992-4e16-a17f-d1c6e0fe71b1,1,"[{'property': '', 'dataset': 'meta', 'record_id': '117902138281711', 'update_time': '2025-06-02T07:00:00.000Z', 'confidence': 0.5662921348314607, 'between': None}]","{'primary': 'Post Office', 'common': None, 'rules': None}","{'primary': 'post_office', 'alternate': array(['public_and_government_association',
       'public_service_and_government'], dtype=object)}",0.5662921348314607,['https://www.usps.com/'],['https://www.facebook.com/117902138281711'],,['+16503211423'],,"[{'freeform': '2085 E Bayshore Rd', 'locality': 'Palo Alto', 'postcode': '94303-5700', 'region': 'CA', 'country': 'US'}]",-122.1243557,37.4516563
-122.144371,37.479358,0c36f469-7c35-463f-9e4b-0bc09f122c52,1,"[{'property': '', 'dataset': 'Microsoft', 'record_id': '562949960315159', 'update_time': '2022-02-08T20:35:53.773Z', 'confidence': 0.77, 'between': None}]","{'primary': 'UPS Access Point Locker', 'common': None, 'rules': None}","{'primary': 'post_office', 'alternate': None}",0.77,['https://locations.ups.com/ca/menlopark/access-point-locker-144427.html?utm_source=bing&utm_medium=organic&utm_campaign=rio'],,,['8667908450'],,"[{'freeform': '1355 Adams Ct', 'locality': 'Menlo Park', 'postcode': '94025', 'region': 'CA', 'country': 'US'}]",-122.144371,37.479358
-121.9905942,37.2926259,94426653-792e-4ee5-a8d5-bd59125909c5,1,"[{'property': '', 'dataset': 'meta', 'record_id': '879668032068936', 'update_time': '2025-06-02T07:00:00.000Z', 'confidence': 0.39614373356704646, 'between': None}]","{'primary': 'USPS', 'common': None, 'rules': None}","{'primary': 'post_office', 'alternate': array(['college_university'], dtype=object)}",0.39614373356704646,['https://www.usps.com'],['https://www.facebook.com/879668032068936'],,['+18002758777'],,"[{'freeform': '1600 Saratoga Ave', 'locality': 'San Jose', 'postcode': '95129-5109', 'region': 'CA', 'country': 'US'}]",-121.9905942,37.2926259
-121.9779917,37.3011755,3beef0ef-4ecc-4709-bea9-e00758dda7e0,1,"[{'property': '', 'dataset': 'meta', 'record_id': '306821159933806', 'update_time': '2025-06-02T07:00:00.000Z', 'confidence': 0.9784508333782836, 'between': None}
 {'property': '/properties/existence', 'dataset': 'Microsoft', 'record_id': '562949956357058', 'update_time': '2025-05-03T05:34:37.203Z', 'confidence': 0.77, 'between': None}]","{'primary': 'United States Postal Service', 'common': None, 'rules': None}","{'primary': 'post_office', 'alternate': array(['public_service_and_government'], dtype=object)}",0.9950436916770052,['http://www.usps.com'],['https://www.facebook.com/306821159933806'],,['+18002758777'],"{'wikidata': None, 'names': {'primary': 'US Postal Service', 'common': None, 'rules': None}}","[{'freeform': '4285 Payne Ave', 'locality': 'San Jose', 'postcode': '95117-3324', 'region': 'CA', 'country': 'US'}]",-121.9779917,37.3011755
-121.97799,37.30154,a96c66fb-0597-4bac-acce-b9b063f441c0,1,"[{'property': '', 'dataset': 'meta', 'record_id': '1676097819277500', 'update_time': '2025-06-02T07:00:00.000Z', 'confidence': 0.33766233766233766, 'between': None}]","{'primary': 'USPS Collection Point', 'common': None, 'rules': None}","{'primary': 'post_office', 'alternate': array(['food_delivery_service', 'storage_facility'], dtype=object)}",0.33766233766233766,,['https://www.facebook.com/1676097819277500'],,,,"[{'freeform': '4285 Payne Ave', 'locality': 'San Jose', 'postcode': '95117-3324', 'region': 'CA', 'country': 'US'}]",-121.97799,37.30154
-121.9582002,37.2936813,8e8bee48-c45b-459c-a912-0495c51a5a57,1,"[{'property': '', 'dataset': 'meta', 'record_id': '124608750927636', 'update_time': '2025-06-02T07:00:00.000Z', 'confidence': 0.9784508333782836, 'between': None}
 {'property': '/properties/existence', 'dataset': 'Microsoft', 'record_id': '562949956355533', 'update_time': '2025-05-03T05:23:27.227Z', 'confidence': 0.77, 'between': None}]","{'primary': 'United States Postal Service', 'common': None, 'rules': None}","{'primary': 'post_office', 'alternate': array(['public_and_government_association', 'pub'], dtype=object)}",0.9950436916770052,['http://www.usps.com'],['https://www.facebook.com/124608750927636'],,['+18002758777'],"{'wikidata': None, 'names': {'primary': 'US Postal Service', 'common': None, 'rules': None}}","[{'freeform': '500 W Hamilton Ave', 'locality': 'Campbell', 'postcode': '95008-0549', 'region': 'CA', 'country': 'US'}]",-121.9582002,37.2936813
-121.9509395,37.2941535,1a0f4e22-3854-47f8-ad2d-7a90356446b0,1,"[{'property': '', 'dataset': 'meta', 'record_id': '503400159815799', 'update_time': '2025-06-02T07:00:00.000Z', 'confidence': 0.33766233766233766, 'between': None}]","{'primary': 'USPS', 'common': None, 'rules': None}","{'primary': 'post_office', 'alternate': array(['college_university'], dtype=object)}",0.33766233766233766,['https://www.usps.com'],['https://www.facebook.com/503400159815799'],,['+18002758777'],,"[{'freeform': '60 W Hamilton Ave', 'locality': 'Campbell', 'postcode': '95008-0505', 'region': 'CA', 'country': 'US'}]",-121.9509395,37.2941535
-121.9132283,37.2904109,0967a3a8-f7e7-4c49-a4e7-26fc850a7f30,1,"[{'property': '', 'dataset': 'Microsoft', 'record_id': '1407374886621490', 'update_time': '2020-04-17T23:03:18.160Z', 'confidence': 0.77, 'between': None}
 {'property': '/properties/existence', 'dataset': 'meta', 'record_id': '126883054097840', 'update_time': '2025-06-02T07:00:00.000Z', 'confidence': 0.7548172757475083, 'between': None}]","{'primary': 'United States Postal Service', 'common': None, 'rules': None}","{'primary': 'post_office', 'alternate': None}",0.9436079734219269,['https://tools.usps.com/find-location.htm'],,,['8002758777'],,"[{'freeform': '1750 Meridian Ave', 'locality': 'San Jose', 'postcode': '95125', 'region': 'CA', 'country': 'US'}]",-121.9132283,37.2904109
-121.913038,37.290437,3cd8a0f6-25ca-4cad-b79b-d9a5ba04c700,1,"[{'property': '', 'dataset': 'meta', 'record_id': '116269195103440', 'update_time': '2025-06-02T07:00:00.000Z', 'confidence': 0.5662921348314607, 'between': None}]","{'primary': 'Passport Application Services Willow Glen Post Office', 'common': None, 'rules': None}","{'primary': 'post_office', 'alternate': array(['public_and_government_association', 'passport_and_visa_services'],
      dtype=object)}",0.5662921348314607,['http://iafdb.travel.state.gov'],['https://www.facebook.com/116269195103440'],,['+14087236134'],,"[{'freeform': '1750 Meridian Ave', 'locality': 'San Jose', 'postcode': '95125-5545', 'region': 'CA', 'country': 'US'}]",-121.913038,37.290437
-121.9784358,37.3453565,9c6a00ec-4fe9-4078-a874-7313baa9a48f,1,"[{'property': '', 'dataset': 'meta', 'record_id': '269398383232391', 'update_time': '2025-06-02T07:00:00.000Z', 'confidence': 0.5662921348314607, 'between': None}]","{'primary': 'Mission Santa Clara Post Office', 'common': None, 'rules': None}","{'primary': 'post_office', 'alternate': array(['central_government_office', 'freight_and_cargo_service'],
      dtype=object)}",0.5662921348314607,['http://www.usps.com'],['https://www.facebook.com/269398383232391'],,['+14082430128'],,"[{'freeform': '1050 Kiely Blvd', 'locality': 'Santa Clara', 'postcode': '95051-4843', 'region': 'CA', 'country': 'US'}]",-121.9784358,37.3453565
-121.9778767,37.3454399,02d7826d-d194-4129-a57a-23cef6e23973,1,"[{'property': '', 'dataset': 'meta', 'record_id': '133097223407067', 'update_time': '2025-06-02T07:00:00.000Z', 'confidence': 0.9784508333782836, 'between': None}
 {'property': '/properties/existence', 'dataset': 'Microsoft', 'record_id': '562949956375708', 'update_time': '2025-05-03T02:48:25.650Z', 'confidence': 0.77, 'between': None}]","{'primary': 'United States Postal Service', 'common': None, 'rules': None}","{'primary': 'post_office', 'alternate': array(['public_service_and_government',
       'public_and_government_association'], dtype=object)}",0.9950436916770052,['http://www.usps.com'],['https://www.facebook.com/133097223407067'],,['+18002758777'],"{'wikidata': None, 'names': {'primary': 'US Postal Service', 'common': None, 'rules': None}}","[{'freeform': '1050 Kiely Blvd', 'locality': 'Santa Clara', 'postcode': '95051-4843', 'region': 'CA', 'country': 'US'}]",-121.9778767,37.3454399
-121.9517203,37.3325479,0298b753-6c75-4e2e-abbb-a962e24b3eb0,1,"[{'property': '', 'dataset': 'meta', 'record_id': '105789036433804', 'update_time': '2025-06-02T07:00:00.000Z', 'confidence': 0.33766233766233766, 'between': None}]","{'primary': 'USPS', 'common': None, 'rules': None}","{'primary': 'post_office', 'alternate': array(['college_university'], dtype=object)}",0.33766233766233766,['https://www.usps.com'],['https://www.facebook.com/105789036433804'],,['+18002758777'],,"[{'freeform': '390 N Winchester Blvd', 'locality': 'Santa Clara', 'postcode': '95050-6588', 'region': 'CA', 'country': 'US'}]",-121.9517203,37.3325479
-121.9143371,37.3185689,1d2e18be-2267-48eb-9a29-9a5c50a4bb19,1,"[{'property': '', 'dataset': 'meta', 'record_id': '117932348267804', 'update_time': '2025-06-02T07:00:00.000Z', 'confidence': 0.9784508333782836, 'between': None}
 {'property': '/properties/existence', 'dataset': 'Microsoft', 'record_id': '562949956354347', 'update_time': '2025-05-02T23:59:19.070Z', 'confidence': 0.77, 'between': None}]","{'primary': 'United States Postal Service', 'common': None, 'rules': None}","{'primary': 'post_office', 'alternate': array(['public_service_and_government',
       'public_and_government_association'], dtype=object)}",0.9950436916770052,['http://www.usps.com'],['https://www.facebook.com/117932348267804'],,['+18002758777'],"{'wikidata': None, 'names': {'primary': 'US Postal Service', 'common': None, 'rules': None}}","[{'freeform': '545 Meridian Ave', 'locality': 'San Jose', 'postcode': '95126-3425', 'region': 'CA', 'country': 'US'}]",-121.9143371,37.3185689
-121.9181299,37.3233698,ee2c6478-f20e-405d-bbc2-a7f79bfc9c9b,1,"[{'property': '', 'dataset': 'meta', 'record_id': '113105310411092', 'update_time': '2025-06-02T07:00:00.000Z', 'confidence': 0.7548172757475083, 'between': None}]","{'primary': 'ShippingX', 'common': None, 'rules': None}","{'primary': 'post_office', 'alternate': array(['convenience_store', 'flowers_and_gifts_shop'], dtype=object)}",0.7548172757475083,['https://www.shippingx.net/'],['https://www.facebook.com/113105310411092'],,['+14085647747'],,"[{'freeform': '1528 W San Carlos St', 'locality': 'San Jose', 'postcode': '95126-3235', 'region': 'CA', 'country': 'US'}]",-121.9181299,37.3233698
-121.911902,37.330498,2834418e-a4e3-4673-83b3-5cf1720cd2e1,1,"[{'property': '', 'dataset': 'Microsoft', 'record_id': '562949960314921', 'update_time': '2022-03-03T18:18:51.340Z', 'confidence': 0.77, 'between': None}]","{'primary': 'UPS Access Point location', 'common': None, 'rules': None}","{'primary': 'post_office', 'alternate': None}",0.77,['https://locations.ups.com/ca/sanjose/access-point-location-140630.html?utm_source=bing&utm_medium=organic&utm_campaign=rio'],,,[''],,"[{'freeform': '44 Race St', 'locality': 'San Jose', 'postcode': '95126', 'region': 'CA', 'country': 'US'}]",-121.911902,37.330498
-121.9383283,37.3395235,5c4fe950-0e5d-45bb-90b4-bb0f4a333fbf,1,"[{'property': '', 'dataset': 'meta', 'record_id': '178967957232', 'update_time': '2025-06-02T07:00:00.000Z', 'confidence': 0.9459263554653523, 'between': None}]","{'primary': 'Mailing Service Center', 'common': None, 'rules': None}","{'primary': 'post_office', 'alternate': array(['notary_public', 'professional_services'], dtype=object)}",0.9459263554653523,['http://MailingServiceCenter.com/'],['https://www.facebook.com/178967957232'],,['+14089846245'],,"[{'freeform': '65 Washington St', 'locality': 'Santa Clara', 'postcode': '95050-6138', 'region': 'CA', 'country': 'US'}]",-121.9383283,37.3395235
-121.947129,37.348591,5e962eaa-3130-4bef-b34e-2b20fb835314,1,"[{'property': '', 'dataset': 'meta', 'record_id': '776680572344717', 'update_time': '2025-06-02T07:00:00.000Z', 'confidence': 0.7548172757475083, 'between': None}]","{'primary': 'Post Office Franklin Mall', 'common': None, 'rules': None}","{'primary': 'post_office', 'alternate': array(['central_government_office'], dtype=object)}",0.7548172757475083,['http://www.usps.com'],['https://www.facebook.com/776680572344717'],,['+14082960205'],,"[{'freeform': '1200 Franklin Mall', 'locality': 'Santa Clara', 'postcode': '95050-4807', 'region': 'CA', 'country': 'US'}]",-121.947129,37.348591
-121.9450073,37.3487201,2c183fbb-067f-4c64-b78b-7f236d703c8e,1,"[{'property': '', 'dataset': 'meta', 'record_id': '617849541602273', 'update_time': '2025-06-02T07:00:00.000Z', 'confidence': 0.9459263554653523, 'between': None}]","{'primary': 'Santa Clara County Courthouse', 'common': None, 'rules': None}","{'primary': 'courthouse', 'alternate': array(['central_government_office', 'public_service_and_government'],
      dtype=object)}",0.9459263554653523,['http://www.scscourt.org/'],['https://www.facebook.com/617849541602273'],,['+14085563000'],,"[{'freeform': '1095 Homestead Rd', 'locality': 'Santa Clara', 'postcode': '95050-5401', 'region': 'CA', 'country': 'US'}]",-121.9450073,37.3487201
-121.9079277,37.3499224,30f8814f-63c6-4378-ba76-b956bd3487d8,1,"[{'property': '', 'dataset': 'meta', 'record_id': '771433606258677', 'update_time': '2025-06-02T07:00:00.000Z', 'confidence': 0.9784508333782836, 'between': None}]","{'primary': 'Santa Clara County Juvenile Court', 'common': None, 'rules': None}","{'primary': 'courthouse', 'alternate': array(['public_and_government_association', 'central_government_office'],
      dtype=object)}",0.9784508333782836,['http://www.sccsuperiorcourt.org'],['https://www.facebook.com/771433606258677'],,['+14082785820'],,"[{'freeform': '840 Guadalupe Pkwy', 'locality': 'San Jose', 'postcode': '95110-1714', 'region': 'CA', 'country': 'US'}]",-121.9079277,37.3499224
-121.9071953,37.3509483,de130bc9-6e20-497a-a8b1-6e801b5c68fe,1,"[{'property': '', 'dataset': 'meta', 'record_id': '121473657911005', 'update_time': '2025-06-02T07:00:00.000Z', 'confidence': 0.9459263554653523, 'between': None}]","{'primary': 'Hall Of Justice', 'common': None, 'rules': None}","{'primary': 'courthouse', 'alternate': array(['public_and_government_association', 'central_government_office'],
      dtype=object)}",0.9459263554653523,['http://www.scscourt.org/'],['https://www.facebook.com/121473657911005'],,['+14088086611'],,"[{'freeform': '190 W Hedding St', 'locality': 'San Jose', 'postcode': '95110-1706', 'region': 'CA', 'country': 'US'}]",-121.9071953,37.3509483
-121.8990045,37.3050058,3a979115-517b-4a88-94f2-49ceffcfd543,1,"[{'property': '', 'dataset': 'meta', 'record_id': '1643991159147052', 'update_time': '2025-06-02T07:00:00.000Z', 'confidence': 0.9300613496932515, 'between': None}]","{'primary': 'USPS', 'common': None, 'rules': None}","{'primary': 'post_office', 'alternate': array(['college_university', 'shipping_center'], dtype=object)}",0.9300613496932515,['https://www.usps.com'],['https://www.facebook.com/1643991159147052'],,['+18002758777'],,"[{'freeform': '1285 Lincoln Ave', 'locality': 'San Jose', 'postcode': '95125-3016', 'region': 'CA', 'country': 'US'}]",-121.8990045,37.3050058
-121.900557,37.307089,1aa70eed-55ff-4b41-b76c-8f9a3659abea,1,"[{'property': '', 'dataset': 'meta', 'record_id': '497996856988974', 'update_time': '2025-06-02T07:00:00.000Z', 'confidence': 0.5662921348314607, 'between': None}]","{'primary': 'Post Office Garden', 'common': None, 'rules': None}","{'primary': 'post_office', 'alternate': array(['professional_services', 'nursery_and_gardening'], dtype=object)}",0.5662921348314607,['https://tools.usps.com/find-location.htm?y_source=1_MzM5MTE2Ny00NDAtbG9jYXRpb24ud2Vic2l0ZQ%3D%3D&searchRadius=10&address=95125&locationType=po'],['https://www.facebook.com/497996856988974'],,['+14082921096'],,"[{'freeform': '1165 Lincoln Ave', 'locality': 'San Jose', 'postcode': '95125-3038', 'region': 'CA', 'country': 'US'}]",-121.900557,37.307089
-121.861755,37.309223,ecb58fee-d8bf-4f97-acdc-a238676c5c03,1,"[{'property': '', 'dataset': 'Microsoft', 'record_id': '562949960315401', 'update_time': '2022-02-08T22:13:12.297Z', 'confidence': 0.77, 'between': None}]","{'primary': 'UPS Access Point Locker', 'common': None, 'rules': None}","{'primary': 'post_office', 'alternate': None}",0.77,['https://locations.ups.com/ca/sanjose/access-point-locker-146930.html?utm_source=bing&utm_medium=organic&utm_campaign=rio'],,,['8667908450'],,"[{'freeform': '1999 S 7th St', 'locality': 'San Jose', 'postcode': '95112', 'region': 'CA', 'country': 'US'}]",-121.861755,37.309223
-121.86173,37.30922,eb2841de-c076-4fed-abfe-861dccc7bb5a,1,"[{'property': '', 'dataset': 'meta', 'record_id': '144228282276591', 'update_time': '2025-06-02T07:00:00.000Z', 'confidence': 0.7548172757475083, 'between': None}]","{'primary': 'UPS Drop Box', 'common': None, 'rules': None}","{'primary': 'post_office', 'alternate': array(['freight_and_cargo_service', 'professional_services'], dtype=object)}",0.7548172757475083,['http://www.ups.com/'],['https://www.facebook.com/144228282276591'],,['+14082912942'],,"[{'freeform': '1999 S 7th St', 'locality': 'San Jose', 'postcode': '95112-6009', 'region': 'CA', 'country': 'US'}]",-121.86173,37.30922
-121.8466569,37.2908802,e5069f9c-f2af-4625-983e-473115681f8c,1,"[{'property': '', 'dataset': 'meta', 'record_id': '160591193966043', 'update_time': '2025-06-02T07:00:00.000Z', 'confidence': 0.9784508333782836, 'between': None}]","{'primary': 'United States Postal Service', 'common': None, 'rules': None}","{'primary': 'post_office', 'alternate': array(['public_service_and_government',
       'public_and_government_association'], dtype=object)}",0.9784508333782836,['http://www.usps.com/'],['https://www.facebook.com/160591193966043'],,['+18002758777'],,"[{'freeform': '80 Lewis Rd', 'locality': 'San Jose', 'postcode': '95111-2183', 'region': 'CA', 'country': 'US'}]",-121.8466569,37.2908802
-121.8475119,37.3091203,01ca7608-31aa-4279-ba09-3982f273a83f,1,"[{'property': '', 'dataset': 'meta', 'record_id': '265820920947896', 'update_time': '2025-06-02T07:00:00.000Z', 'confidence': 0.9300613496932515, 'between': None}]","{'primary': 'US Post Office', 'common': None, 'rules': None}","{'primary': 'post_office', 'alternate': array(['bar', 'public_service_and_government'], dtype=object)}",0.9300613496932515,,['https://www.facebook.com/265820920947896'],,['+18002758777'],,"[{'freeform': '2358 Senter Rd', 'locality': 'San Jose', 'postcode': '95112-2615', 'region': 'CA', 'country': 'US'}]",-121.8475119,37.3091203
-121.8924566,37.331268,c00df22e-9bd7-434b-9731-c440c1d5391a,1,"[{'property': '', 'dataset': 'meta', 'record_id': '289952207729648', 'update_time': '2025-06-02T07:00:00.000Z', 'confidence': 0.49293966623876767, 'between': None}]","{'primary': 'Santa Clara County Family Court', 'common': None, 'rules': None}","{'primary': 'courthouse', 'alternate': array(['public_and_government_association'], dtype=object)}",0.4929396662387677,['http://www.scscourt.org/general_info/contact/courthouses/family.shtml'],['https://www.facebook.com/289952207729648'],,['+14082951157'],,"[{'freeform': '170 Park Ave', 'locality': 'San Jose', 'postcode': '95113', 'region': 'CA', 'country': 'US'}]",-121.8924566,37.331268
-121.892259,37.331227,7cf1cd9e-c2dc-42c5-b743-4dbd4dd12a96,1,"[{'property': '', 'dataset': 'meta', 'record_id': '167358983397100', 'update_time': '2025-06-02T07:00:00.000Z', 'confidence': 0.49293966623876767, 'between': None}]","{'primary': 'Santa Clara Family Court', 'common': None, 'rules': None}","{'primary': 'courthouse', 'alternate': array(['public_and_government_association',
       'public_service_and_government'], dtype=object)}",0.4929396662387677,['http://www.sccba.com'],['https://www.facebook.com/167358983397100'],,['+14085345600'],,"[{'freeform': '170 Park Center Plz', 'locality': 'San Jose', 'postcode': '95113-2207', 'region': 'CA', 'country': 'US'}]",-121.892259,37.331227
-121.8960371,37.3338454,088e54e2-098e-48cc-825b-a6452abc33b0,1,"[{'property': '', 'dataset': 'meta', 'record_id': '155687404472014', 'update_time': '2025-06-02T07:00:00.000Z', 'confidence': 0.9784508333782836, 'between': None}]","{'primary': 'Sixth District Court of Appeal', 'common': None, 'rules': None}","{'primary': 'courthouse', 'alternate': array(['public_service_and_government',
       'public_and_government_association'], dtype=object)}",0.9784508333782836,['http://www.courts.ca.gov'],['https://www.facebook.com/155687404472014'],,['+14082771004'],,"[{'freeform': '333 W Santa Clara St', 'locality': 'San Jose', 'postcode': '95113-1702', 'region': 'CA', 'country': 'US'}]",-121.8960371,37.3338454
-121.8958673,37.3357499,feacd0b4-b1c1-4154-af1b-bd5b92781934,1,"[{'property': '', 'dataset': 'meta', 'record_id': '448255925209769', 'update_time': '2025-06-02T07:00:00.000Z', 'confidence': 0.29694323144104806, 'between': None}]","{'primary': 'Santa Clara County Superior CT', 'common': None, 'rules': None}","{'primary': 'courthouse', 'alternate': None}",0.29694323144104806,['https://www.scscourt.org'],['https://www.facebook.com/448255925209769'],,['+14084914700'],,"[{'freeform': '115 Terraine St', 'locality': 'San Jose', 'postcode': '95110-2423', 'region': 'CA', 'country': 'US'}]",-121.8958673,37.3357499
-121.8936013,37.3382106,53bba602-3033-40ac-9d9e-e47fdd94846b,1,"[{'property': '', 'dataset': 'meta', 'record_id': '148034301888578', 'update_time': '2025-06-02T07:00:00.000Z', 'confidence': 0.9784508333782836, 'between': None}]","{'primary': 'Superior Court of Santa Clara County', 'common': None, 'rules': None}","{'primary': 'courthouse', 'alternate': array(['public_and_government_association', 'central_government_office'],
      dtype=object)}",0.9784508333782836,['http://www.scscourt.org/'],['https://www.facebook.com/148034301888578'],,['+14088822100'],,"[{'freeform': '191 N 1st St', 'locality': 'San Jose', 'postcode': '95113-1006', 'region': 'CA', 'country': 'US'}]",-121.8936013,37.3382106
-121.8872088,37.3320978,3c4c447d-2087-4985-8681-39b33bea88c4,1,"[{'property': '', 'dataset': 'meta', 'record_id': '182823538404864', 'update_time': '2025-06-02T07:00:00.000Z', 'confidence': 0.9415384615384615, 'between': None}]","{'primary': 'Federal Legal Assistance Self', 'common': None, 'rules': None}","{'primary': 'courthouse', 'alternate': array(['public_and_government_association', 'bank_credit_union'],
      dtype=object)}",0.9415384615384615,['http://www.cand.uscourts.gov/helpcentersj'],['https://www.facebook.com/182823538404864'],,['+14082971480'],,"[{'freeform': '280 S 1st St', 'locality': 'San Jose', 'postcode': '95113-3002', 'region': 'CA', 'country': 'US'}]",-121.8872088,37.3320978
-121.8864103,37.3323435,c535f6a4-763e-41f9-9f87-d6d890c3bf42,1,"[{'property': '', 'dataset': 'meta', 'record_id': '147503118620038', 'update_time': '2025-06-02T07:00:00.000Z', 'confidence': 0.9459263554653523, 'between': None}]","{'primary': 'US District Court Clerk', 'common': None, 'rules': None}","{'primary': 'courthouse', 'alternate': array(['public_and_government_association', 'education'], dtype=object)}",0.9459263554653523,['http://www.cand.uscourts.gov/home'],['https://www.facebook.com/147503118620038'],,['+14085355363'],,"[{'freeform': '280 S 1st St', 'locality': 'San Jose', 'postcode': '95113-3002', 'region': 'CA', 'country': 'US'}]",-121.8864103,37.3323435
-121.8930912,37.337748,9b4364e4-8099-428f-bf61-56a19b5eff38,1,"[{'property': '', 'dataset': 'meta', 'record_id': '164206740257130', 'update_time': '2025-06-02T07:00:00.000Z', 'confidence': 0.5662921348314607, 'between': None}]","{'primary': 'Santa Clara County Superior Court Terraine Courthouse', 'common': None, 'rules': None}","{'primary': 'courthouse', 'alternate': None}",0.5662921348314607,['http://www.sccba.com'],['https://www.facebook.com/164206740257130'],,['+14088822100'],,"[{'freeform': '191 N 1st St', 'locality': 'San Jose', 'postcode': '95113-1006', 'region': 'CA', 'country': 'US'}]",-121.8930912,37.337748
-121.8927248,37.338349,7b4b6208-ec2b-4c31-bb6b-da44838c062a,1,"[{'property': '', 'dataset': 'meta', 'record_id': '143613309142638', 'update_time': '2025-06-02T07:00:00.000Z', 'confidence': 0.9459263554653523, 'between': None}]","{'primary': 'Old County Courthouse', 'common': None, 'rules': None}","{'primary': 'courthouse', 'alternate': array(['public_service_and_government', 'hotel'], dtype=object)}",0.9459263554653523,['http://www.scscourt.org'],['https://www.facebook.com/143613309142638'],,['+14088822100'],,"[{'freeform': '161 N 1st St', 'locality': 'San Jose', 'postcode': '95113-1001', 'region': 'CA', 'country': 'US'}]",-121.8927248,37.338349
-121.8921166,37.3378774,9630acfa-f4dc-48e3-888e-c09ce383478b,1,"[{'property': '', 'dataset': 'Microsoft', 'record_id': '562949956375825', 'update_time': '2025-05-03T02:49:15.150Z', 'confidence': 0.77, 'between': None}]","{'primary': 'United States Postal Service', 'common': None, 'rules': None}","{'primary': 'post_office', 'alternate': None}",0.77,['https://tools.usps.com/locations/details/1380359?utm_source=website-url&utm_medium=search&utm_campaign=yext'],,,['8002758777'],,"[{'freeform': '105 N 1st St', 'locality': 'San Jose', 'postcode': '95113', 'region': 'CA', 'country': 'US'}]",-121.8921166,37.3378774
-121.9037824,37.3525969,00dcf4ea-403b-498a-9119-26760f33b578,1,"[{'property': '', 'dataset': 'meta', 'record_id': '166787143363726', 'update_time': '2025-06-02T07:00:00.000Z', 'confidence': 0.9415384615384615, 'between': None}]","{'primary': 'Santa Clara County Executive Office', 'common': None, 'rules': None}","{'primary': 'courthouse', 'alternate': array(['public_service_and_government',
       'public_and_government_association'], dtype=object)}",0.9415384615384615,['http://www.sccgov.org/portal/site/rec'],['https://www.facebook.com/166787143363726'],,['+14082995105'],,"[{'freeform': '70 W Hedding St', 'locality': 'San Jose', 'postcode': '95110-1705', 'region': 'CA', 'country': 'US'}]",-121.9037824,37.3525969
-121.8276759,37.3197898,89861eff-680f-432c-98a6-3951697c2de9,1,"[{'property': '', 'dataset': 'meta', 'record_id': '164708343555950', 'update_time': '2025-06-02T07:00:00.000Z', 'confidence': 0.9784508333782836, 'between': None}
 {'property': '/properties/existence', 'dataset': 'Microsoft', 'record_id': '562949956363531', 'update_time': '2025-05-03T01:12:20.187Z', 'confidence': 0.77, 'between': None}]","{'primary': 'United States Postal Service', 'common': None, 'rules': None}","{'primary': 'post_office', 'alternate': array(['public_service_and_government',
       'public_and_government_association'], dtype=object)}",0.9950436916770052,['http://www.usps.com'],['https://www.facebook.com/164708343555950'],,['+18002758777'],"{'wikidata': None, 'names': {'primary': 'US Postal Service', 'common': None, 'rules': None}}","[{'freeform': '2450 Alvin Ave', 'locality': 'San Jose', 'postcode': '95121-1606', 'region': 'CA', 'country': 'US'}]",-121.8276759,37.3197898
-121.827654,37.319841,53d4ae34-d1ec-49bc-b635-53c321778c0e,1,"[{'property': '', 'dataset': 'meta', 'record_id': '276230859213227', 'update_time': '2025-06-02T07:00:00.000Z', 'confidence': 0.7548172757475083, 'between': None}]","{'primary': 'Post Office Hillview', 'common': None, 'rules': None}","{'primary': 'post_office', 'alternate': None}",0.7548172757475083,,['https://www.facebook.com/276230859213227'],,['+14082380213'],,"[{'freeform': '2450 Alvin Ave', 'locality': 'San Jose', 'postcode': '95121-1606', 'region': 'CA', 'country': 'US'}]",-121.827654,37.319841
-121.82003,37.326206,eb6ae5fd-9b76-489c-9c01-36838bf2d2d7,1,"[{'property': '', 'dataset': 'Microsoft', 'record_id': '562949960318048', 'update_time': '2021-04-07T10:15:24.703Z', 'confidence': 0.77, 'between': None}]","{'primary': 'UPS Access Point location', 'common': None, 'rules': None}","{'primary': 'post_office', 'alternate': None}",0.77,['https://locations.ups.com/ca/sanjose/access-point-location-169395.html'],,,['4082746772'],,"[{'freeform': '2040 Tully Rd', 'locality': 'San Jose', 'postcode': '95122', 'region': 'CA', 'country': 'US'}]",-121.82003,37.326206
-121.81827,37.32704,4181772b-25aa-430b-8426-71891120333b,1,"[{'property': '', 'dataset': 'meta', 'record_id': '1615225702068894', 'update_time': '2025-06-02T07:00:00.000Z', 'confidence': 0.39614373356704646, 'between': None}]","{'primary': 'USPS', 'common': None, 'rules': None}","{'primary': 'post_office', 'alternate': array(['college_university'], dtype=object)}",0.39614373356704646,['https://www.usps.com'],['https://www.facebook.com/1615225702068894'],,['+18002758777'],,"[{'freeform': '2170 Tully Rd', 'locality': 'San Jose', 'postcode': '95122-1345', 'region': 'CA', 'country': 'US'}]",-121.81827,37.32704
-121.9555946,37.3706788,16c3e0e8-cfd9-4575-9956-db08a449397e,1,"[{'property': '', 'dataset': 'meta', 'record_id': '395192097220863', 'update_time': '2025-06-02T07:00:00.000Z', 'confidence': 0.9784508333782836, 'between': None}]","{'primary': 'John Sanchez Postal Annex', 'common': None, 'rules': None}","{'primary': 'post_office', 'alternate': array(['public_service_and_government',
       'public_and_government_association'], dtype=object)}",0.9784508333782836,['http://www.usps.com/'],['https://www.facebook.com/395192097220863'],,['+14087489868'],,"[{'freeform': '1451 Walsh Ave', 'locality': 'Santa Clara', 'postcode': '95050-2631', 'region': 'CA', 'country': 'US'}]",-121.9555946,37.3706788
-121.928281,37.368364,2de2b76f-3ec1-485d-bdfc-5840d284507f,1,"[{'property': '', 'dataset': 'meta', 'record_id': '995495653857735', 'update_time': '2025-06-02T07:00:00.000Z', 'confidence': 0.39614373356704646, 'between': None}]","{'primary': 'US Customs Service', 'common': None, 'rules': None}","{'primary': 'embassy', 'alternate': array(['public_and_government_association', 'financial_service'],
      dtype=object)}",0.39614373356704646,['http://www.cbp.gov'],['https://www.facebook.com/995495653857735'],,['+14082917388'],,"[{'freeform': '2065 Airport Blvd', 'locality': 'San Jose', 'postcode': '95110-1220', 'region': 'CA', 'country': 'US'}]",-121.928281,37.368364
-121.946593,37.3947957,77544af0-79ac-42e0-bee9-d0fa65f53ccd,1,"[{'property': '', 'dataset': 'meta', 'record_id': '1424655121198031', 'update_time': '2025-06-02T07:00:00.000Z', 'confidence': 0.9784508333782836, 'between': None}
 {'property': '/properties/existence', 'dataset': 'Microsoft', 'record_id': '1688849863433835', 'update_time': '2019-02-19T16:49:46.640Z', 'confidence': 0.77, 'between': None}]","{'primary': 'PostalAnnex+', 'common': None, 'rules': None}","{'primary': 'post_office', 'alternate': array(['notary_public', 'printing_services'], dtype=object)}",0.9950436916770052,['https://www.postalannex.com/location/santa-clara/449/?utm_source=facebook&utm_medium=local&utm_campaign=localmaps&utm_content=449'],['https://www.facebook.com/1424655121198031'],,['+14089809200'],"{'wikidata': None, 'names': {'primary': 'PostalAnnex', 'common': None, 'rules': None}}","[{'freeform': '3964 Rivermark Plz', 'locality': 'Santa Clara', 'postcode': '95054-4155', 'region': 'CA', 'country': 'US'}]",-121.946593,37.3947957
-121.916212,37.379561,2d9b4b24-2fe7-4c24-b88f-96eeeb7590e5,1,"[{'property': '', 'dataset': 'meta', 'record_id': '182105401821915', 'update_time': '2025-06-02T07:00:00.000Z', 'confidence': 0.5662921348314607, 'between': None}]","{'primary': 'Consulado General De Mexico En San Jose Ca', 'common': None, 'rules': None}","{'primary': 'embassy', 'alternate': array(['community_center', 'mexican_restaurant'], dtype=object)}",0.5662921348314607,['http://www.consulmexsj.com'],['https://www.facebook.com/182105401821915'],,['+14082943414'],,"[{'freeform': '2125 Zanker Rd', 'locality': 'San Jose', 'postcode': '95131-2109', 'region': 'CA', 'country': 'US'}]",-121.916212,37.379561
-121.9084211,37.3922559,488f2575-038a-4c01-b19a-beefe10f67e7,1,"[{'property': '', 'dataset': 'meta', 'record_id': '163279897023327', 'update_time': '2025-06-02T07:00:00.000Z', 'confidence': 0.9784508333782836, 'between': None}]","{'primary': 'California Mailing Services', 'common': None, 'rules': None}","{'primary': 'post_office', 'alternate': array(['advertising_agency', 'professional_services'], dtype=object)}",0.9784508333782836,['http://www.calmailing.com/'],['https://www.facebook.com/163279897023327'],,['+14084350990'],,"[{'freeform': '2375 Paragon Dr', 'locality': 'San Jose', 'postcode': '95131-1309', 'region': 'CA', 'country': 'US'}]",-121.9084211,37.3922559
-121.990386,37.406017,c76216c4-c934-4186-ae9c-19d5a3a72591,1,"[{'property': '', 'dataset': 'Microsoft', 'record_id': '562949960323773', 'update_time': '2022-02-08T22:14:24.610Z', 'confidence': 0.77, 'between': None}]","{'primary': 'UPS Access Point Locker', 'common': None, 'rules': None}","{'primary': 'post_office', 'alternate': None}",0.77,['https://locations.ups.com/ca/sunnyvale/access-point-locker-155054.html?utm_source=bing&utm_medium=organic&utm_campaign=rio'],,,[''],,"[{'freeform': '1276 Reamwood Ave', 'locality': 'Sunnyvale', 'postcode': '94089', 'region': 'CA', 'country': 'US'}]",-121.990386,37.406017
-121.8873894,37.3894318,f76794f1-8641-4937-b495-e98b5a2d31f1,1,"[{'property': '', 'dataset': 'meta', 'record_id': '126650614056979', 'update_time': '2025-06-02T07:00:00.000Z', 'confidence': 0.9784508333782836, 'between': None}
 {'property': '/properties/existence', 'dataset': 'Microsoft', 'record_id': '562949956378154', 'update_time': '2025-05-03T09:33:27.717Z', 'confidence': 0.77, 'between': None}]","{'primary': 'United States Postal Service', 'common': None, 'rules': None}","{'primary': 'post_office', 'alternate': array(['public_and_government_association',
       'public_service_and_government'], dtype=object)}",0.9950436916770052,['http://www.usps.com'],['https://www.facebook.com/126650614056979'],,['+18002758777'],"{'wikidata': None, 'names': {'primary': 'US Postal Service', 'common': None, 'rules': None}}","[{'freeform': '1750 Lundy Ave', 'locality': 'San Jose', 'postcode': '95101-9001', 'region': 'CA', 'country': 'US'}]",-121.8873894,37.3894318
-121.887362,37.389409,28cd29e7-acfa-43e0-834b-3d99bb9cebe8,1,"[{'property': '', 'dataset': 'meta', 'record_id': '203438476347262', 'update_time': '2025-06-02T07:00:00.000Z', 'confidence': 0.39614373356704646, 'between': None}]","{'primary': 'USPS Collection Point', 'common': None, 'rules': None}","{'primary': 'post_office', 'alternate': array(['food_delivery_service', 'storage_facility'], dtype=object)}",0.39614373356704646,['https://www.usps.com/'],['https://www.facebook.com/203438476347262'],,['+18002758777'],,"[{'freeform': '1750 Lundy Ave', 'locality': 'San Jose', 'postcode': '95101-9001', 'region': 'CA', 'country': 'US'}]",-121.887362,37.389409
-121.8871208,37.3897739,16da3610-6c87-449e-9b4b-ba96792cb063,1,"[{'property': '', 'dataset': 'meta', 'record_id': '593499067413227', 'update_time': '2025-06-02T07:00:00.000Z', 'confidence': 0.39614373356704646, 'between': None}]","{'primary': 'San Jose Post Office', 'common': None, 'rules': None}","{'primary': 'post_office', 'alternate': None}",0.39614373356704646,['https://tools.usps.com/find-location.htm?y_source=1_NTMyMzA1NS00NDAtbG9jYXRpb24ud2Vic2l0ZQ%3D%3D&searchRadius=10&address=95101&locationType=po'],['https://www.facebook.com/593499067413227'],,['+14084376830'],,"[{'freeform': '1750 Lundy Ave', 'locality': 'San Jose', 'postcode': '95131', 'region': 'CA', 'country': 'US'}]",-121.8871208,37.3897739
-121.901597,37.4338734,0b16b667-7b01-47c1-afe4-827c4a854853,1,"[{'property': '', 'dataset': 'meta', 'record_id': '857611490999914', 'update_time': '2025-06-02T07:00:00.000Z', 'confidence': 0.9300613496932515, 'between': None}]","{'primary': 'USPS', 'common': None, 'rules': None}","{'primary': 'post_office', 'alternate': array(['college_university'], dtype=object)}",0.9300613496932515,['https://www.usps.com'],['https://www.facebook.com/857611490999914'],,['+18002758777'],,"[{'freeform': '45 N Milpitas Blvd', 'locality': 'Milpitas', 'postcode': '95035-4402', 'region': 'CA', 'country': 'US'}]",-121.901597,37.4338734
-121.8478577,37.4005082,dd477949-19c2-4fc0-85f0-ba290473624f,1,"[{'property': '', 'dataset': 'meta', 'record_id': '102738133127101', 'update_time': '2025-06-02T07:00:00.000Z', 'confidence': 0.9784508333782836, 'between': None}
 {'property': '/properties/existence', 'dataset': 'Microsoft', 'record_id': '562949956371321', 'update_time': '2025-05-03T05:22:59.633Z', 'confidence': 0.77, 'between': None}]","{'primary': 'United States Postal Service', 'common': None, 'rules': None}","{'primary': 'post_office', 'alternate': array(['public_and_government_association', 'legal_services'],
      dtype=object)}",0.9950436916770052,['http://www.usps.com'],['https://www.facebook.com/102738133127101'],,['+18002758777'],"{'wikidata': None, 'names': {'primary': 'US Postal Service', 'common': None, 'rules': None}}","[{'freeform': '1315 Piedmont Rd', 'locality': 'San Jose', 'postcode': '95132-2424', 'region': 'CA', 'country': 'US'}]",-121.8478577,37.4005082
-121.8139123,37.3252418,8d5eee9b-0677-412b-b103-f31233d30fd6,1,"[{'property': '', 'dataset': 'meta', 'record_id': '517451741622424', 'update_time': '2025-06-02T07:00:00.000Z', 'confidence': 0.9204819277108434, 'between': None}]","{'primary': 'USPS', 'common': None, 'rules': None}","{'primary': 'post_office', 'alternate': array(['social_service_organizations'], dtype=object)}",0.9204819277108434,,['https://www.facebook.com/517451741622424'],,,,"[{'freeform': '2200 Eastridge Loop', 'locality': 'San Jose', 'postcode': '95122-1409', 'region': 'CA', 'country': 'US'}]",-121.8139123,37.3252418
-121.8133072,37.3264546,1b1c350f-de10-4177-aab7-1624aa48fec8,1,"[{'property': '', 'dataset': 'meta', 'record_id': '105694679496525', 'update_time': '2025-06-02T07:00:00.000Z', 'confidence': 0.9784508333782836, 'between': None}
 {'property': '/properties/existence', 'dataset': 'Microsoft', 'record_id': '562949956364726', 'update_time': '2025-05-03T01:22:03.503Z', 'confidence': 0.77, 'between': None}]","{'primary': 'United States Postal Service', 'common': None, 'rules': None}","{'primary': 'post_office', 'alternate': array(['public_service_and_government',
       'public_and_government_association'], dtype=object)}",0.9950436916770052,['http://www.usps.com'],['https://www.facebook.com/105694679496525'],,['+18002758777'],"{'wikidata': None, 'names': {'primary': 'US Postal Service', 'common': None, 'rules': None}}","[{'freeform': '2200 Eastridge Loop', 'locality': 'San Jose', 'postcode': '95122-1409', 'region': 'CA', 'country': 'US'}]",-121.8133072,37.3264546
